817066
817386
817389
817391
817396
817397
817400
817402
817404
817405
817406
817408
817412
817414
817415
817417
817418
817419
817421
817422
817423
817424
817426
817428
817431
817433
817434
817436
817439
817440
817442
817444
817447
817452
817453
817454
817455
817456
817458
817461
817464
817465
817469
817471
817472
817474
817478
817479
817482
817483
817484
817485
817488
817489
817491
817492
817494
817496
817499
817501
817502
817503
817504
817505
817507
817509
817510
817511
817513
817514
817515
817519
817520
817521
817523
817524
817525
817526
817528
817529
817530
817532
817534
817535
817538
817539
817540
817544
817545
817546
817547
817548
817549
817550
817551
817553
817554
817556
817557
817558
817560
817561
817565
817566
817569
817570
817571
817574
817575
817576
817577
817581
817582
817583
817584
817586
817588
817589
817591
817592
817594
817595
817597
817598
817600
817601
817602
817603
817604
817606
817607
817608
817610
817611
817612
817613
817614
817615
817616
817617
817618
817619
817620
817621
817622
817623
817626
817627
817630
817631
817632
817633
817635
817637
817638
817640
817641
817642
817643
817644
817645
817646
817647
817648
817650
817653
817655
817657
817659
817660
817661
817663
817664
817665
817666
817667
817669
817671
817672
817673
817674
817678
817679
817680
817687
817691
817693
817694
817695
817696
817699
817701
817704
817705
817707
817708
817709
817712
817716
817718
817719
817721
817722
817723
817726
817727
817728
817730
817732
817735
817736
817738
817740
817741
817742
817745
817747
817748
817750
817751
817752
817753
817754
817755
817756
817757
817759
817760
817762
817764
817765
817768
817770
817771
817773
817774
817775
817776
817779
817780
817781
817782
817783
817784
817785
817786
817787
817788
817789
817791
817793
817799
817800
817803
817806
817807
817808
817811
817812
817813
817817
817819
817820
817821
817822
817827
817828
817830
817831
817832
817833
817834
817838
817841
817843
817845
817850
817852
817857
817859
817861
817862
817863
817865
817866
817876
817877
817878
817880
817881
817884
817887
817896
817898
817901
817902
817903
817906
817907
817908
817909
817911
817913
817914
817915
817916
817917
817918
817919
817920
817921
817922
817923
817924
817926
817927
817928
817929
817932
817933
817934
817935
817936
817938
817943
817945
817948
817949
817956
817957
817958
817960
817962
817963
817964
817965
817966
817967
817968
817971
817972
817974
817975
817977
817981
817983
817985
817986
817990
817992
817993
817995
817996
818000
818006
818008
818010
818011
818012
818015
818016
818021
818022
818023
818026
818027
818028
818029
818031
818034
818035
818036
818043
818044
818046
818047
818052
818053
818055
818056
818057
818060
818061
818062
818063
818065
818068
818069
818070
818072
818073
818074
818077
818081
818082
818084
818085
818086
818089
818090
818091
818093
818094
818096
818100
818101
818102
818103
818104
818105
818107
818110
818111
818112
818113
818115
818117
818118
818119
818120
818122
818125
818127
818128
818129
818131
818132
818135
818137
818139
818140
818143
818144
818145
818146
818148
818151
818152
818158
818159
818162
818163
818165
818168
818170
818171
818173
818174
818175
818176
818177
818178
818179
818181
818182
818183
818184
818185
818186
818187
818188
818189
818190
818191
818192
818193
818194
818195
818196
818199
818203
818204
818205
818206
818208
818210
818215
818217
818218
818220
818223
818226
818228
818229
818231
818233
818235
818236
818237
818238
818239
818241
818242
818244
818246
818250
818253
818254
818256
818257
818259
818260
818262
818264
818265
818266
818267
818268
818269
818273
818275
818276
818277
818280
818282
818283
818285
818287
818289
818290
818293
818294
818295
818296
818297
818301
818302
818303
818304
818305
818306
818311
818312
818313
818316
818318
818321
818322
818324
818325
818326
818329
818330
818331
818333
818336
818340
818343
818344
818345
818348
818351
818353
818356
818358
818361
818363
818364
818368
818369
818371
818372
818373
818374
818377
818378
818379
818380
818381
818382
818383
818384
818385
818386
818388
818389
818392
818393
818396
818397
818398
818399
818403
818404
818405
818406
818407
818408
818409
818410
818411
818414
818420
818421
818424
818425
818426
818428
818430
818432
818436
818437
818439
818440
818442
818445
818448
818450
818452
818453
818455
818456
818457
818458
818460
818461
818466
818467
818469
818470
818471
818473
818475
818476
818477
818483
818485
818492
818493
818494
818495
818497
818498
818499
818500
818505
818506
818507
818508
818510
818513
818515
818518
818521
818522
818527
818528
818531
818532
818535
818537
818538
818539
818540
818542
818543
818546
818551
818554
818555
818561
818565
818566
818569
818571
818572
818576
818577
818578
818579
818580
818583
818586
818587
818588
818592
818593
818597
818598
818600
818605
818606
818608
818609
818610
818612
818615
818618
818621
818622
818624
818629
818631
818634
818635
818640
818641
818643
818644
818646
818648
818650
818654
818655
818657
818660
818661
818666
818670
818676
818677
818678
818680
818681
818683
818684
818689
818691
818693
818697
818700
818703
818707
818709
818710
818713
818714
818715
818716
818718
818719
818721
818725
818726
818727
818728
818733
818736
818737
818739
818744
818745
818746
818747
818751
818753
818754
818755
818756
818757
818758
818759
818761
818762
818765
818766
818767
818768
818770
818771
818772
818774
818777
818779
818780
818781
818782
818783
818784
818786
818789
818790
818791
818798
818799
818800
818801
818805
818807
818808
818813
818814
818816
818818
818820
818821
818823
818824
818825
818826
818827
818833
818835
818836
818840
818842
818843
818847
818848
818849
818853
818856
818857
818858
818859
818862
818865
818867
818869
818870
818871
818874
818875
818876
818877
818879
818880
818882
818887
818888
818889
818891
818893
818895
818896
818897
818898
818899
818900
818902
818904
818907
818911
818912
818913
818914
818915
818917
818918
818922
818923
818926
818927
818930
818932
818934
818936
818937
818940
818942
818944
818946
818947
818949
818951
818952
818954
818957
818958
818959
818961
818962
818963
818965
818968
818969
818972
818974
818977
818980
818983
818986
818987
818988
818990
818992
818995
818996
818998
818999
819001
819003
819006
819007
819009
819010
819011
819012
819013
819014
819016
819021
819022
819027
819030
819031
819036
819037
819038
819039
819040
819041
819056
819057
819060
819064
819065
819067
819068
819069
819070
819073
819074
819076
819077
819078
819080
819081
819082
819084
819085
819086
819087
819088
819090
819093
819095
819096
819097
819098
819099
819100
819101
819103
819104
819106
819107
819108
819110
819111
819112
819117
819118
819120
819124
819126
819127
819130
819131
819132
819134
819138
819140
819142
819145
819148
819151
819155
819159
819163
819166
819167
819170
819171
819172
819175
819176
819181
819182
819183
819184
819185
819186
819187
819188
819189
819190
819191
819192
819193
819194
819195
819196
819197
819198
819199
819200
819201
819202
819206
819207
819213
819214
819215
819219
819225
819226
819227
819235
819238
819239
819243
819244
819245
819246
819249
819250
819251
819252
819253
819254
819255
819257
819258
819260
819261
819265
819266
819267
819268
819273
819274
819275
819278
819279
819280
819282
819285
819286
819287
819288
819289
819292
819293
819294
819295
819296
819297
819298
819300
819303
819304
819306
819307
819308
819309
819310
819311
819312
819313
819314
819315
819316
819318
819320
819321
819323
819327
819330
819332
819333
819335
819337
819338
819340
819341
819345
819347
819348
819351
819352
819354
819355
819356
819359
819360
819362
819366
819369
819373
819376
819381
819387
819389
819390
819392
819398
819399
819400
819405
819407
819408
819412
819413
819415
819420
819422
819426
819428
819430
819432
819433
819434
819435
819436
819437
819441
819450
819451
819456
819457
819458
819468
819474
819475
819476
819477
819479
819480
819483
819485
819491
819498
819502
819503
819505
819511
819512
819513
819514
819515
819517
819519
819522
819525
819526
819528
819529
819531
819532
819533
819534
819541
819543
819548
819550
819552
819554
819555
819558
819559
819562
819563
819564
819566
819567
819568
819571
819573
819574
819576
819580
819581
819582
819589
819591
819594
819595
819598
819602
819603
819604
819606
819612
819615
819617
819618
819620
819622
819625
819629
819630
819631
819632
819633
819639
819640
819641
819642
819644
819648
819651
819655
819658
819661
819664
819668
819671
819672
819674
819678
819680
819681
819682
819683
819684
819689
819690
819693
819694
819695
819696
819700
819701
819703
819704
819707
819711
819712
819713
819715
819717
819719
819721
819723
819724
819725
819727
819730
819731
819732
819737
819739
819740
819741
819743
819744
819746
819747
819750
819751
819753
819754
819755
819756
819757
819760
819762
819763
819765
819766
819771
819772
819773
819774
819775
819776
819777
819778
819779
819780
819781
819782
819783
819787
819793
819796
819798
819799
819803
819807
819808
819809
819810
819811
819818
819821
819823
819824
819829
819833
819834
819836
819837
819838
819839
819866
819870
819872
819874
819880
819881
819884
819913
819914
819916
819918
819919
819927
819929
819930
819931
819932
819933
819934
819935
819936
819937
819938
819939
819940
819941
819942
819943
819944
819945
819946
819947
819948
819949
819950
819951
819952
819953
819954
819956
819959
819963
819970
819971
819972
819973
819979
819981
819984
819985
819987
819988
819989
819990
819991
819996
820002
820003
820005
820006
820009
820011
820012
820013
820015
820017
820019
820020
820024
820028
820029
820032
820033
820035
820036
820038
820040
820041
820043
820044
820045
820048
820050
820051
820053
820054
820055
820056
820058
820060
820064
820065
820066
820069
820070
820072
820075
820078
820079
820087
820088
820089
820092
820093
820096
820097
820102
820103
820104
820109
820111
820113
820119
820121
820122
820124
820125
820132
820136
820139
820142
820143
820144
820145
820150
820151
820152
820153
820154
820155
820156
820157
820159
820160
820163
820164
820165
820166
820167
820169
820171
820172
820173
820174
820175
820176
820178
820180
820182
820183
820186
820187
820188
820190
820191
820193
820196
820197
820198
820200
820202
820204
820206
820207
820210
820211
820214
820215
820218
820219
820223
820226
820227
820230
820231
820232
820234
820235
820236
820238
820239
820240
820246
820247
820249
820251
820252
820254
820255
820256
820257
820258
820265
820268
820269
820270
820272
820274
820276
820277
820279
820280
820281
820282
820284
820286
820288
820293
820296
820297
820298
820300
820302
820304
820305
820306
820312
820313
820314
820315
820317
820318
820319
820320
820321
820322
820323
820324
820325
820328
820330
820332
820334
820337
820338
820339
820340
820342
820343
820344
820345
820347
820349
820354
820355
820359
820360
820365
820367
820368
820369
820370
820371
820374
820375
820377
820381
820382
820384
820389
820391
820392
820394
820395
820396
820399
820400
820401
820403
820404
820408
820409
820410
820411
820412
820413
820414
820415
820416
820417
820418
820420
820421
820424
820425
820429
820430
820432
820433
820435
820436
820439
820440
820442
820449
820450
820453
820454
820455
820456
820458
820462
820463
820466
820468
820473
820474
820475
820480
820482
820483
820484
820485
820486
820492
820493
820495
820499
820505
820506
820507
820508
820509
820512
820513
820514
820515
820516
820517
820518
820519
820521
820522
820523
820524
820526
820527
820531
820535
820536
820537
820538
820539
820541
820544
820546
820547
820549
820550
820551
820553
820554
820561
820565
820569
820573
820574
820578
820580
820582
820583
820586
820588
820590
820592
820594
820596
820597
820598
820600
820601
820603
820605
820607
820609
820612
820614
820618
820621
820622
820623
820624
820625
820626
820628
820629
820631
820636
820639
820645
820646
820647
820649
820652
820653
820656
820657
820658
820662
820663
820665
820666
820667
820668
820669
820670
820673
820676
820679
820680
820681
820682
820684
820687
820689
820692
820696
820701
820706
820708
820709
820710
820712
820713
820715
820719
820721
820724
820725
820729
820730
820733
820735
820736
820738
820742
820745
820748
820749
820750
820751
820753
820755
820757
820758
820762
820763
820764
820766
820768
820771
820772
820773
820779
820781
820784
820788
820789
820792
820793
820795
820796
820800
820801
820802
820806
820811
820812
820813
820814
820816
820817
820818
820820
820821
820823
820826
820827
820831
820835
820840
820841
820842
820843
820844
820849
820850
820854
820855
820858
820860
820862
820863
820865
820867
820868
820871
820873
820881
820883
820885
820886
820887
820888
820889
820890
820891
820893
820894
820895
820897
820900
820903
820907
820910
820912
820917
820919
820921
820923
820926
820929
820930
820931
820937
820939
820940
820942
820943
820944
820945
820948
820950
820951
820953
820954
820957
820958
820959
820962
820969
820970
820974
820975
820977
820978
820981
820983
820985
820986
820994
820996
820997
820998
820999
821004
821005
821007
821011
821013
821014
821015
821019
821022
821029
821030
821032
821035
821036
821037
821038
821039
821040
821042
821044
821047
821048
821049
821050
821053
821054
821056
821057
821059
821061
821062
821063
821064
821065
821067
821072
821073
821074
821076
821079
821080
821081
821086
821087
821088
821090
821094
821099
821101
821107
821108
821109
821110
821112
821116
821119
821120
821126
821130
821131
821134
821135
821137
821138
821144
821145
821152
821153
821154
821157
821158
821159
821162
821163
821164
821165
821166
821168
821170
821178
821185
821187
821190
821191
821195
821199
821201
821203
821207
821208
821209
821211
821213
821214
821215
821216
821217
821222
821225
821227
821230
821231
821232
821237
821239
821240
821241
821242
821247
821248
821249
821251
821252
821253
821254
821256
821259
821260
821261
821263
821265
821266
821273
821276
821277
821278
821280
821281
821283
821284
821288
821289
821291
821292
821294
821297
821299
821303
821305
821306
821308
821311
821312
821313
821314
821315
821316
821317
821319
821320
821323
821324
821325
821326
821327
821328
821329
821330
821331
821332
821334
821335
821336
821337
821339
821340
821342
821344
821347
821348
821350
821353
821354
821361
821364
821366
821367
821369
821371
821372
821373
821375
821376
821384
821385
821386
821387
821388
821391
821392
821393
821394
821399
821401
821402
821403
821404
821411
821412
821415
821416
821419
821420
821422
821432
821434
821435
821439
821440
821442
821444
821447
821448
821449
821450
821454
821458
821459
821460
821462
821464
821465
821466
821469
821470
821472
821477
821479
821480
821481
821482
821483
821484
821485
821491
821493
821494
821495
821498
821500
821504
821505
821507
821509
821511
821515
821516
821519
821520
821522
821523
821524
821526
821527
821528
821529
821532
821533
821534
821535
821536
821538
821542
821545
821547
821549
821550
821552
821553
821554
821556
821557
821561
821564
821566
821567
821571
821572
821573
821574
821576
821577
821578
821582
821584
821587
821588
821589
821590
821592
821595
821596
821597
821598
821600
821602
821604
821605
821606
821607
821608
821611
821612
821615
821616
821619
821620
821621
821622
821623
821625
821630
821632
821633
821634
821635
821636
821637
821642
821644
821646
821649
821650
821651
821652
821654
821656
821657
821659
821660
821661
821662
821664
821668
821669
821671
821672
821673
821677
821679
821680
821683
821686
821687
821690
821691
821693
821697
821700
821702
821703
821705
821707
821713
821717
821718
821719
821725
821727
821728
821730
821735
821736
821742
821747
821749
821750
821751
821753
821758
821759
821760
821761
821763
821767
821768
821770
821771
821773
821776
821780
821782
821783
821786
821787
821789
821790
821793
821795
821799
821801
821802
821806
821808
821809
821810
821811
821812
821813
821818
821821
821825
821826
821837
821841
821846
821848
821853
821860
821865
821866
821867
821868
821871
821872
821876
821877
821878
821879
821880
821881
821885
821888
821890
821893
821894
821897
821898
821899
821901
821902
821904
821906
821907
821908
821909
821911
821913
821914
821916
821917
821918
821920
821925
821926
821928
821929
821931
821932
821933
821935
821938
821939
821940
821942
821945
821949
821951
821954
821955
821957
821961
821966
821967
821968
821972
821976
821979
821980
821981
821983
821985
821991
821995
821996
821997
821999
822000
822002
822004
822006
822007
822009
822010
822013
822014
822018
822021
822026
822030
822032
822033
822034
822035
822036
822037
822041
822043
822044
822045
822047
822052
822060
822061
822065
822066
822067
822070
822072
822073
822074
822078
822080
822084
822086
822088
822095
822096
822097
822100
822105
822106
822107
822109
822110
822115
822118
822121
822125
822126
822129
822130
822134
822135
822136
822137
822138
822139
822140
822141
822142
822143
822144
822145
822146
822147
822148
822149
822150
822151
822152
822153
822154
822155
822156
822158
822159
822162
822164
822166
822168
822172
822173
822179
822181
822185
822187
822190
822193
822194
822198
822199
822201
822203
822204
822206
822207
822210
822212
822214
822221
822222
822225
822226
822227
822228
822234
822236
822237
822238
822240
822243
822248
822249
822250
822251
822253
822254
822255
822260
822262
822263
822265
822266
822267
822268
822270
822272
822273
822288
822289
822290
822295
822306
822307
822313
822315
822316
822319
822322
822325
822329
822333
822334
822335
822336
822337
822338
822341
822345
822347
822349
822352
822353
822354
822355
822356
822357
822358
822359
822360
822361
822362
822365
822366
822369
822373
822374
822375
822378
822379
822383
822384
822386
822388
822392
822393
822394
822396
822397
822399
822400
822402
822403
822406
822409
822410
822411
822412
822415
822416
822419
822421
822423
822425
822426
822427
822428
822430
822431
822432
822435
822437
822439
822440
822442
822444
822445
822447
822448
822450
822451
822452
822453
822454
822458
822461
822462
822463
822466
822468
822469
822470
822477
822478
822481
822482
822483
822484
822485
822486
822487
822491
822492
822496
822497
822498
822499
822500
822501
822502
822504
822507
822508
822519
822520
822521
822528
822531
822532
822537
822538
822545
822549
822550
822553
822559
822560
822562
822564
822565
822566
822567
822568
822569
822570
822573
822574
822577
822581
822585
822589
822591
822594
822596
822597
822598
822602
822605
822606
822607
822608
822609
822612
822613
822616
822617
822618
822619
822620
822621
822623
822624
822627
822630
822635
822637
822638
822639
822640
822641
822642
822644
822646
822647
822648
822649
822650
822652
822655
822656
822659
822663
822665
822666
822667
822670
822672
822674
822675
822678
822680
822681
822688
822689
822690
822691
822692
822694
822697
822703
822706
822707
822708
822711
822712
822713
822714
822718
822719
822721
822722
822723
822724
822730
822734
822735
822736
822738
822740
822741
822744
822745
822746
822747
822748
822749
822753
822755
822756
822757
822760
822761
822763
822764
822765
822766
822769
822772
822773
822776
822777
822779
822782
822783
822784
822791
822794
822801
822802
822805
822806
822807
822808
822810
822811
822813
822814
822815
822816
822817
822818
822819
822820
822821
822823
822824
822825
822826
822828
822829
822830
822831
822832
822834
822835
822837
822841
822843
822845
822847
822849
822850
822852
822853
822859
822861
822864
822865
822866
822868
822869
822871
822876
822878
822879
822881
822882
822883
822885
822886
822888
822889
822890
822892
822893
822894
822895
822897
822898
822901
822902
822904
822905
822906
822908
822909
822910
822911
822912
822913
822915
822920
822922
822923
822925
822927
822931
822933
822934
822937
822940
822941
822942
822943
822944
822945
822946
822948
822952
822954
822955
822956
822957
822959
822964
822965
822967
822969
822971
822973
822974
822976
822978
822979
822981
823038
823039
823041
823046
823050
823051
823052
823054
823057
823066
823067
823068
823069
823070
823072
823073
823076
823078
823079
823081
823084
823086
823087
823088
823091
823092
823096
823097
823098
823100
823102
823106
823107
823109
823110
823112
823113
823123
823124
823126
823127
823130
823133
823134
823137
823138
823139
823142
823145
823146
823148
823151
823154
823155
823156
823157
823159
823160
823166
823168
823169
823170
823172
823176
823179
823183
823184
823185
823186
823187
823188
823191
823192
823193
823194
823195
823197
823200
823205
823206
823208
823209
823214
823216
823217
823221
823224
823227
823230
823233
823234
823236
823238
823239
823243
823245
823247
823248
823250
823251
823253
823255
823256
823258
823259
823260
823263
823264
823266
823270
823277
823278
823282
823286
823288
823292
823293
823294
823297
823299
823300
823301
823302
823305
823306
823307
823308
823309
823312
823313
823318
823320
823323
823325
823326
823328
823330
823331
823334
823335
823338
823343
823344
823346
823347
823348
823350
823353
823354
823356
823358
823359
823361
823362
823363
823365
823366
823367
823368
823369
823371
823373
823374
823375
823378
823383
823384
823386
823387
823388
823390
823395
823398
823399
823401
823403
823404
823408
823410
823411
823415
823417
823419
823420
823426
823428
823429
823431
823434
823437
823438
823439
823441
823442
823443
823444
823445
823447
823448
823452
823453
823454
823460
823463
823464
823466
823469
823470
823472
823474
823476
823477
823478
823479
823480
823481
823485
823487
823489
823490
823493
823494
823495
823496
823497
823498
823502
823503
823504
823505
823507
823508
823509
823510
823512
823514
823515
823516
823517
823518
823519
823520
823523
823524
823525
823526
823527
823528
823531
823532
823533
823537
823539
823542
823545
823546
823547
823548
823549
823552
823554
823556
823557
823559
823560
823561
823564
823565
823568
823569
823570
823573
823575
823576
823577
823579
823580
823581
823583
823584
823585
823586
823587
823588
823591
823592
823593
823594
823596
823597
823599
823600
823601
823602
823604
823609
823610
823611
823612
823614
823616
823617
823618
823620
823621
823624
823628
823630
823632
823634
823639
823640
823641
823644
823645
823646
823654
823656
823658
823659
823667
823669
823670
823671
823672
823673
823674
823676
823677
823678
823679
823680
823684
823687
823689
823690
823692
823696
823699
823700
823702
823705
823706
823707
823709
823711
823712
823713
823718
823720
823721
823722
823723
823725
823728
823729
823731
823732
823733
823734
823736
823737
823738
823739
823740
823741
823743
823746
823747
823753
823754
823756
823759
823760
823761
823764
823766
823767
823768
823772
823773
823774
823776
823777
823778
823779
823780
823782
823784
823787
823789
823790
823791
823797
823798
823799
823800
823801
823802
823804
823806
823811
823812
823813
823814
823815
823821
823822
823823
823824
823825
823827
823829
823830
823831
823832
823833
823834
823835
823836
823837
823839
823840
823842
823843
823844
823847
823849
823852
823854
823855
823857
823859
823862
823863
823864
823865
823866
823870
823871
823872
823873
823875
823880
823881
823885
823887
823891
823893
823895
823896
823897
823898
823901
823904
823905
823906
823907
823909
823910
823913
823915
823916
823919
823920
823921
823922
823923
823924
823927
823928
823931
823933
823935
823936
823939
823943
823946
823947
823948
823949
823958
823959
823960
823961
823962
823963
823964
823965
823967
823968
823969
823971
823972
823973
823974
823975
823981
823983
823989
823990
823991
823992
823993
823995
823997
823999
824001
824002
824004
824005
824007
824008
824012
824014
824015
824016
824017
824019
824022
824024
824025
824027
824028
824030
824031
824032
824033
824038
824040
824048
824050
824051
824052
824053
824054
824055
824057
824058
824059
824061
824065
824068
824070
824072
824074
824075
824076
824077
824080
824083
824085
824086
824087
824090
824091
824092
824095
824097
824098
824099
824104
824106
824107
824108
824109
824112
824113
824115
824117
824119
824120
824121
824123
824125
824127
824128
824129
824132
824133
824135
824136
824139
824141
824142
824143
824144
824147
824148
824149
824153
824155
824157
824158
824159
824161
824164
824165
824176
824180
824181
824182
824187
824192
824193
824197
824200
824206
824207
824208
824210
824211
824213
824214
824216
824219
824220
824222
824225
824226
824229
824231
824233
824236
824237
824238
824239
824240
824241
824242
824244
824247
824248
824251
824254
824255
824256
824264
824269
824270
824271
824272
824273
824276
824278
824283
824284
824285
824287
824292
824295
824296
824299
824301
824307
824308
824310
824312
824314
824315
824317
824320
824321
824322
824323
824324
824325
824327
824328
824331
824334
824339
824342
824344
824347
824352
824353
824354
824355
824356
824359
824362
824366
824367
824368
824369
824370
824375
824377
824378
824380
824382
824386
824390
824391
824393
824395
824396
824397
824398
824401
824403
824407
824408
824410
824411
824413
824415
824416
824417
824418
824421
824422
824425
824426
824428
824429
824433
824436
824439
824440
824441
824443
824444
824445
824446
824447
824448
824450
824451
824452
824453
824454
824455
824458
824459
824460
824461
824462
824463
824464
824467
824469
824472
824473
824474
824475
824477
824481
824482
824483
824484
824485
824486
824487
824489
824491
824492
824493
824495
824496
824498
824499
824500
824501
824502
824503
824504
824507
824509
824510
824511
824513
824514
824515
824518
824519
824522
824524
824526
824529
824530
824531
824533
824534
824536
824537
824538
824539
824540
824542
824546
824547
824548
824550
824552
824554
824556
824557
824558
824560
824561
824566
824567
824568
824571
824572
824575
824576
824579
824580
824581
824584
824588
824589
824592
824593
824594
824597
824599
824601
824602
824603
824606
824607
824610
824611
824612
824614
824615
824616
824617
824618
824620
824623
824626
824627
824631
824632
824633
824634
824635
824636
824637
824639
824640
824641
824642
824644
824646
824648
824650
824651
824652
824653
824654
824655
824658
824659
824661
824662
824663
824664
824665
824667
824668
824670
824672
824673
824674
824675
824677
824678
824679
824681
824682
824683
824684
824685
824689
824690
824691
824692
824693
824694
824695
824696
824697
824698
824699
824700
824701
824703
824707
824708
824709
824710
824711
824712
824713
824714
824715
824716
824717
824720
824722
824723
824724
824725
824726
824727
824729
824730
824734
824735
824738
824740
824741
824744
824745
824746
824747
824749
824752
824754
824756
824757
824759
824761
824764
824767
824769
824771
824773
824774
824775
824776
824777
824778
824779
824780
824781
824782
824783
824784
824785
824786
824787
824788
824789
824790
824791
824792
824793
824794
824795
824796
824797
824798
824799
824800
824801
824802
824803
824804
824805
824806
824807
824808
824809
824810
824811
824812
824813
824814
824815
824816
824817
824818
824819
824820
824821
824822
824823
824824
824825
824826
824827
824828
824829
824830
824831
824832
824833
824834
824835
824836
824837
824838
824839
824840
824841
824842
824843
824844
824845
824846
824847
824848
824849
824850
824851
824852
824853
824854
824855
824856
824857
824858
824859
824860
824861
824862
824863
824864
824865
824866
824867
824868
824869
824872
824873
824875
824876
824884
824885
824887
824890
824892
824893
824894
824895
824896
824901
824902
824903
824904
824906
824907
824908
824910
824918
824922
824926
824927
824929
824932
824933
824934
824935
824936
824937
824938
824939
824940
824941
824942
824943
824944
824945
824949
824951
824953
824954
824955
824957
824959
824963
824965
824966
824967
824968
824971
824976
824980
824981
824982
824983
824984
824985
824987
824992
824994
824996
824998
824999
825000
825002
825004
825005
825007
825008
825009
825016
825019
825021
825023
825024
825025
825026
825027
825028
825030
825031
825032
825036
825038
825041
825043
825044
825046
825047
825050
825052
825053
825056
825057
825059
825060
825061
825062
825064
825066
825067
825068
825071
825073
825076
825077
825079
825081
825082
825085
825088
825089
825092
825093
825094
825095
825097
825098
825103
825104
825105
825109
825112
825113
825116
825120
825121
825122
825124
825125
825126
825127
825128
825130
825132
825134
825136
825137
825138
825139
825140
825142
825143
825147
825148
825149
825151
825153
825155
825156
825157
825158
825159
825160
825162
825166
825168
825169
825170
825172
825173
825175
825177
825179
825180
825181
825182
825185
825186
825187
825190
825191
825192
825193
825194
825195
825196
825197
825199
825200
825201
825202
825203
825206
825207
825213
825214
825217
825223
825226
825227
825228
825229
825230
825231
825232
825233
825234
825235
825237
825238
825240
825242
825243
825244
825245
825246
825247
825248
825250
825251
825252
825253
825254
825255
825256
825257
825258
825259
825260
825261
825262
825263
825264
825265
825266
825267
825268
825269
825270
825271
825272
825273
825274
825275
825276
825277
825278
825279
825280
825281
825282
825283
825284
825285
825286
825287
825288
825289
825290
825291
825292
825293
825294
825295
825296
825297
825298
825299
825300
825301
825302
825303
825304
825305
825306
825310
825316
825318
825319
825324
825325
825326
825327
825328
825329
825333
825336
825337
825340
825341
825345
825346
825347
825351
825353
825354
825356
825358
825361
825362
825371
825373
825376
825377
825379
825381
825384
825385
825389
825391
825393
825395
825396
825398
825400
825401
825402
825404
825406
825408
825412
825415
825417
825419
825420
825421
825422
825424
825426
825428
825429
825430
825431
825432
825433
825434
825435
825436
825439
825441
825442
825443
825445
825450
825451
825452
825453
825454
825455
825456
825458
825462
825463
825464
825465
825466
825467
825468
825469
825470
825471
825472
825474
825476
825478
825480
825483
825484
825492
825494
825495
825497
825498
825499
825500
825503
825505
825506
825508
825511
825512
825513
825518
825520
825523
825527
825528
825530
825532
825533
825534
825538
825540
825543
825545
825547
825548
825550
825553
825555
825556
825557
825559
825560
825561
825562
825563
825565
825567
825569
825570
825571
825578
825580
825581
825582
825583
825584
825588
825589
825590
825591
825593
825594
825595
825598
825599
825601
825603
825604
825605
825607
825609
825610
825611
825613
825614
825616
825617
825618
825620
825621
825622
825623
825627
825630
825631
825633
825634
825636
825637
825643
825645
825646
825649
825650
825651
825654
825656
825657
825658
825661
825662
825663
825664
825668
825670
825675
825676
825677
825678
825679
825680
825683
825685
825688
825690
825692
825694
825695
825696
825698
825700
825703
825705
825708
825710
825711
825712
825713
825715
825716
825717
825719
825722
825723
825724
825725
825729
825731
825732
825733
825734
825735
825737
825738
825740
825742
825744
825746
825748
825750
825751
825752
825754
825756
825757
825761
825766
825768
825769
825770
825771
825773
825776
825778
825781
825782
825783
825784
825786
825789
825791
825792
825793
825794
825795
825796
825798
825802
825803
825806
825808
825811
825812
825814
825815
825816
825817
825818
825819
825820
825821
825823
825824
825825
825829
825832
825837
825838
825839
825840
825841
825842
825843
825844
825845
825848
825850
825853
825854
825855
825858
825859
825860
825862
825863
825864
825867
825868
825872
825874
825877
825878
825879
825880
825882
825884
825885
825886
825889
825891
825897
825898
825899
825900
825901
825902
825903
825905
825907
825908
825910
825911
825912
825913
825915
825916
825919
825920
825922
825923
825924
825926
825927
825928
825929
825931
825936
825940
825943
825944
825945
825948
825951
825952
825954
825955
825956
825957
825959
825960
825961
825962
825964
825966
825968
825969
825971
825973
825974
825979
825982
825984
825985
825986
825988
825989
825992
825993
825997
825998
826000
826001
826002
826003
826004
826006
826007
826013
826014
826016
826018
826019
826021
826022
826023
826024
826025
826026
826028
826030
826031
826032
826034
826035
826038
826039
826040
826041
826042
826044
826045
826046
826047
826048
826050
826052
826053
826054
826055
826056
826058
826060
826061
826064
826068
826070
826071
826072
826073
826076
826077
826084
826087
826088
826090
826095
826098
826102
826103
826107
826109
826111
826113
826114
826115
826117
826118
826119
826120
826121
826125
826126
826128
826131
826134
826138
826139
826141
826143
826144
826146
826147
826148
826149
826150
826151
826152
826154
826155
826158
826161
826164
826165
826166
826167
826169
826170
826172
826173
826178
826179
826181
826190
826191
826192
826194
826197
826199
826200
826204
826205
826210
826211
826213
826214
826216
826217
826218
826219
826223
826224
826226
826227
826230
826231
826232
826233
826234
826235
826236
826238
826241
826245
826246
826253
826254
826256
826259
826260
826262
826265
826266
826268
826270
826271
826274
826277
826280
826282
826283
826284
826285
826287
826288
826290
826291
826292
826293
826295
826296
826298
826299
826300
826301
826303
826304
826305
826308
826309
826310
826312
826313
826314
826316
826317
826321
826323
826325
826327
826329
826331
826332
826334
826335
826336
826339
826341
826342
826344
826345
826346
826348
826349
826350
826352
826353
826354
826359
826361
826362
826365
826367
826370
826373
826374
826376
826377
826378
826379
826383
826386
826387
826388
826390
826391
826394
826398
826400
826401
826402
826403
826404
826405
826408
826409
826410
826411
826413
826415
826416
826417
826419
826420
826421
826423
826424
826425
826430
826432
826433
826437
826441
826442
826443
826445
826446
826450
826452
826454
826455
826457
826459
826460
826462
826464
826465
826466
826467
826469
826470
826472
826474
826476
826478
826480
826481
826482
826484
826488
826491
826494
826496
826500
826504
826506
826507
826508
826509
826512
826514
826515
826516
826517
826519
826520
826521
826522
826527
826530
826532
826533
826534
826536
826537
826542
826543
826544
826545
826546
826547
826552
826555
826556
826558
826559
826563
826564
826565
826567
826572
826573
826578
826581
826582
826583
826584
826585
826587
826588
826589
826591
826593
826602
826603
826606
826607
826610
826612
826615
826616
826617
826618
826621
826622
826629
826630
826631
826632
826633
826634
826635
826636
826637
826639
826640
826641
826642
826644
826648
826649
826652
826653
826654
826655
826656
826658
826659
826663
826664
826667
826668
826671
826672
826674
826675
826679
826681
826682
826683
826685
826689
826691
826692
826693
826694
826696
826698
826699
826700
826702
826707
826708
826711
826712
826713
826714
826717
826718
826720
826723
826724
826726
826733
826739
826740
826746
826747
826748
826749
826750
826751
826752
826753
826756
826758
826759
826760
826761
826762
826765
826767
826769
826770
826771
826773
826777
826779
826780
826781
826782
826783
826785
826786
826788
826790
826793
826795
826796
826803
826806
826810
826811
826814
826817
826821
826822
826823
826826
826827
826829
826830
826834
826835
826836
826837
826840
826842
826845
826846
826847
826848
826853
826856
826857
826858
826859
826865
826876
826877
826878
826885
826887
826891
826896
826898
826900
826901
826902
826903
826904
826909
826910
826911
826912
826917
826921
826922
826923
826924
826925
826926
826928
826929
826931
826933
826934
826935
826936
826937
826940
826945
826948
826951
826953
826955
826957
826960
826962
826963
826966
826969
826971
826973
826975
826976
826979
826989
826990
826991
826992
826993
826996
826997
827000
827004
827005
827008
827012
827014
827015
827016
827020
827021
827023
827028
827029
827030
827034
827035
827038
827040
827042
827043
827044
827045
827053
827054
827055
827057
827060
827064
827065
827066
827069
827070
827071
827073
827076
827078
827080
827083
827084
827086
827087
827088
827091
827095
827096
827098
827099
827101
827104
827107
827108
827109
827111
827113
827114
827115
827117
827123
827124
827125
827126
827128
827129
827131
827134
827137
827140
827141
827142
827144
827145
827147
827149
827153
827154
827155
827157
827158
827162
827163
827164
827166
827167
827169
827170
827171
827173
827175
827177
827179
827182
827183
827184
827186
827187
827198
827199
827203
827206
827211
827212
827217
827219
827221
827222
827225
827226
827228
827230
827231
827232
827233
827234
827235
827236
827237
827238
827239
827240
827241
827245
827247
827248
827249
827251
827253
827255
827257
827258
827260
827261
827262
827264
827265
827266
827268
827271
827273
827279
827280
827282
827283
827286
827289
827290
827291
827295
827296
827299
827300
827303
827304
827306
827307
827309
827311
827312
827314
827315
827319
827324
827329
827330
827332
827333
827334
827338
827344
827347
827348
827349
827350
827352
827353
827354
827355
827357
827359
827361
827362
827363
827364
827372
827373
827375
827376
827380
827385
827387
827391
827394
827395
827397
827399
827400
827401
827402
827403
827408
827409
827413
827414
827416
827420
827421
827423
827425
827426
827432
827439
827443
827444
827446
827447
827449
827450
827451
827452
827453
827455
827456
827459
827463
827464
827465
827467
827469
827471
827474
827475
827476
827480
827482
827487
827488
827489
827490
827494
827495
827496
827498
827499
827501
827504
827505
827507
827508
827509
827510
827511
827513
827514
827515
827516
827519
827524
827525
827527
827528
827530
827533
827534
827536
827537
827538
827541
827542
827545
827546
827548
827553
827554
827556
827559
827560
827562
827563
827566
827570
827571
827572
827573
827574
827575
827576
827577
827578
827579
827580
827581
827582
827583
827584
827585
827586
827587
827588
827589
827590
827591
827592
827593
827594
827595
827596
827597
827598
827599
827600
827601
827602
827603
827604
827605
827606
827607
827608
827609
827610
827611
827612
827613
827614
827615
827616
827617
827618
827619
827620
827621
827622
827623
827624
827625
827626
827627
827628
827629
827630
827631
827632
827633
827634
827635
827636
827637
827638
827639
827640
827641
827642
827643
827644
827645
827646
827647
827648
827649
827650
827651
827652
827653
827654
827655
827656
827657
827658
827659
827660
827661
827662
827663
827664
827665
827666
827667
827668
827669
827670
827671
827672
827673
827674
827675
827676
827677
827678
827679
827680
827681
827682
827683
827684
827685
827686
827687
827688
827689
827690
827691
827692
827693
827694
827695
827696
827697
827698
827699
827700
827701
827702
827703
827704
827705
827706
827707
827708
827709
827710
827711
827712
827713
827714
827715
827716
827717
827718
827719
827721
827728
827729
827734
827743
827744
827745
827749
827752
827761
827762
827763
827764
827765
827766
827767
827768
827769
827770
827771
827772
827773
827774
827775
827776
827777
827778
827779
827780
827781
827782
827783
827784
827785
827786
827787
827788
827789
827790
827791
827792
827793
827794
827795
827796
827797
827798
827799
827800
827801
827802
827803
827804
827805
827808
827810
827811
827813
827814
827815
827816
827818
827822
827824
827825
827827
827828
827829
827830
827831
827832
827833
827834
827835
827836
827837
827838
827839
827840
827841
827842
827843
827844
827845
827846
827847
827848
827849
827850
827851
827852
827853
827854
827855
827856
827857
827858
827859
827860
827861
827862
827863
827864
827865
827866
827867
827868
827869
827870
827871
827872
827873
827874
827875
827876
827877
827878
827879
827880
827881
827882
827883
827884
827885
827886
827887
827888
827889
827890
827891
827892
827893
827894
827897
827898
827899
827902
827903
827904
827906
827908
827913
827914
827915
827916
827918
827919
827920
827921
827925
827926
827928
827932
827933
827934
827935
827936
827938
827939
827941
827943
827947
827948
827950
827954
827955
827960
827961
827963
827964
827966
827968
827970
827973
827974
827976
827979
827981
827984
827992
827993
827995
828001
828003
828006
828010
828012
828014
828015
828017
828018
828019
828023
828024
828027
828028
828041
828043
828044
828045
828046
828047
828049
828050
828052
828053
828054
828055
828058
828062
828067
828068
828069
828071
828074
828076
828078
828080
828084
828088
828089
828090
828093
828095
828097
828098
828099
828102
828105
828106
828107
828108
828109
828111
828112
828114
828115
828118
828121
828128
828129
828130
828131
828133
828135
828136
828139
828140
828143
828144
828145
828146
828148
828151
828153
828154
828155
828156
828158
828163
828164
828170
828171
828172
828175
828178
828179
828180
828181
828182
828184
828187
828188
828190
828191
828192
828195
828198
828203
828204
828206
828207
828208
828209
828213
828214
828215
828217
828218
828219
828220
828221
828222
828224
828225
828226
828229
828230
828231
828234
828236
828238
828239
828243
828245
828246
828254
828256
828257
828258
828259
828261
828262
828263
828265
828266
828267
828271
828272
828273
828274
828276
828278
828280
828281
828282
828285
828286
828287
828288
828290
828291
828293
828294
828295
828296
828298
828302
828303
828304
828307
828313
828314
828315
828316
828318
828319
828320
828321
828323
828324
828325
828327
828334
828335
828336
828338
828339
828341
828349
828352
828353
828357
828358
828361
828362
828363
828364
828365
828369
828370
828371
828374
828375
828376
828377
828379
828381
828382
828383
828384
828385
828386
828388
828389
828391
828397
828399
828401
828402
828405
828406
828407
828410
828413
828415
828417
828418
828419
828420
828421
828424
828426
828428
828431
828432
828433
828435
828437
828438
828441
828442
828446
828448
828453
828456
828458
828459
828461
828465
828467
828468
828470
828476
828478
828479
828484
828487
828488
828490
828494
828495
828497
828498
828500
828501
828502
828504
828508
828518
828519
828520
828521
828522
828527
828529
828533
828535
828536
828539
828541
828542
828544
828545
828548
828551
828558
828560
828561
828562
828564
828565
828569
828570
828572
828573
828574
828575
828577
828578
828583
828585
828588
828589
828598
828602
828603
828605
828606
828609
828610
828611
828614
828616
828617
828618
828619
828621
828622
828625
828627
828629
828631
828632
828633
828634
828636
828638
828640
828641
828642
828644
828645
828646
828647
828651
828655
828656
828658
828659
828661
828662
828666
828667
828669
828670
828671
828672
828675
828676
828677
828678
828679
828680
828684
828687
828688
828690
828695
828696
828699
828700
828703
828704
828705
828706
828707
828713
828714
828715
828716
828718
828720
828724
828725
828728
828730
828732
828738
828739
828741
828742
828743
828745
828747
828748
828749
828750
828752
828757
828758
828759
828763
828765
828766
828767
828769
828771
828772
828773
828774
828775
828776
828778
828779
828780
828781
828782
828783
828785
828787
828790
828791
828792
828793
828794
828798
828802
828804
828805
828806
828808
828811
828814
828815
828816
828817
828818
828819
828820
828823
828824
828825
828827
828828
828829
828830
828832
828833
828834
828843
828845
828846
828848
828850
828852
828854
828855
828856
828863
828866
828868
828872
828873
828875
828876
828877
828879
828880
828882
828884
828885
828887
828888
828889
828890
828893
828896
828900
828901
828904
828907
828908
828909
828910
828911
828914
828915
828916
828918
828919
828920
828922
828925
828928
828931
828932
828933
828934
828937
828938
828939
828940
828941
828945
828946
828948
828950
828952
828954
828955
828956
828957
828958
828959
828960
828962
828963
828965
828969
828970
828972
828975
828977
828978
828980
828981
828983
828984
828986
828989
828990
828991
828992
828993
828995
828997
828998
828999
829000
829001
829002
829003
829005
829006
829009
829010
829013
829014
829015
829018
829020
829021
829022
829027
829029
829031
829032
829033
829034
829040
829041
829049
829050
829051
829055
829057
829060
829061
829062
829063
829064
829067
829070
829072
829073
829074
829075
829078
829079
829085
829086
829088
829089
829090
829092
829094
829096
829097
829098
829099
829100
829101
829102
829104
829106
829109
829111
829112
829113
829116
829118
829119
829120
829121
829123
829127
829128
829129
829130
829131
829132
829135
829139
829140
829143
829144
829146
829148
829149
829150
829151
829152
829153
829156
829157
829159
829160
829161
829164
829166
829169
829170
829171
829173
829174
829175
829179
829181
829182
829183
829185
829186
829191
829192
829193
829195
829198
829201
829202
829206
829208
829210
829211
829212
829213
829214
829215
829217
829219
829220
829222
829223
829225
829228
829230
829232
829233
829236
829238
829239
829241
829242
829243
829245
829246
829247
829248
829249
829250
829251
829252
829254
829255
829256
829257
829259
829262
829272
829275
829279
829280
829282
829284
829287
829289
829291
829292
829293
829296
829298
829300
829301
829302
829305
829309
829310
829312
829314
829318
829321
829323
829324
829325
829327
829329
829331
829332
829333
829338
829342
829343
829347
829348
829350
829351
829352
829357
829358
829360
829361
829363
829364
829366
829367
829368
829370
829373
829378
829379
829381
829382
829384
829387
829388
829390
829394
829395
829396
829398
829399
829401
829404
829405
829408
829410
829413
829414
829415
829417
829418
829419
829420
829423
829427
829428
829429
829432
829434
829436
829437
829438
829440
829444
829448
829451
829453
829454
829455
829459
829460
829461
829463
829464
829466
829467
829473
829474
829475
829476
829479
829482
829483
829485
829486
829489
829493
829494
829495
829497
829499
829500
829501
829502
829504
829506
829507
829508
829509
829511
829513
829514
829515
829516
829517
829518
829519
829520
829523
829524
829525
829526
829529
829534
829535
829536
829542
829545
829550
829551
829555
829558
829559
829560
829561
829565
829566
829567
829576
829577
829578
829579
829580
829581
829583
829592
829594
829596
829597
829602
829603
829604
829605
829609
829615
829616
829619
829622
829623
829625
829628
829629
829630
829632
829636
829639
829640
829642
829643
829648
829652
829653
829655
829656
829657
829658
829668
829673
829676
829678
829680
829682
829683
829684
829685
829686
829687
829689
829690
829691
829692
829693
829694
829699
829700
829701
829705
829708
829709
829710
829712
829714
829715
829716
829719
829721
829725
829731
829738
829742
829744
829745
829747
829748
829750
829753
829756
829761
829762
829765
829766
829769
829773
829774
829776
829779
829780
829781
829784
829785
829786
829787
829789
829791
829794
829796
829797
829798
829799
829800
829803
829808
829811
829813
829814
829815
829824
829829
829830
829832
829833
829834
829835
829837
829838
829840
829845
829846
829847
829848
829849
829850
829853
829854
829855
829858
829859
829860
829862
829864
829867
829869
829871
829873
829874
829875
829876
829877
829878
829883
829884
829885
829886
829889
829890
829892
829893
829899
829900
829902
829905
829907
829908
829911
829913
829915
829916
829918
829919
829920
829923
829925
829926
829929
829930
829931
829934
829937
829938
829939
829941
829943
829945
829946
829948
829950
829951
829952
829954
829956
829957
829959
829961
829962
829964
829965
829966
829971
829972
829974
829976
829977
829979
829984
829985
829988
829991
829992
829994
830000
830002
830003
830004
830005
830006
830007
830009
830010
830013
830015
830016
830017
830018
830019
830022
830024
830027
830028
830031
830032
830035
830040
830042
830043
830044
830049
830051
830054
830055
830056
830058
830060
830061
830062
830065
830067
830068
830070
830071
830072
830077
830078
830082
830085
830087
830091
830092
830094
830095
830101
830106
830109
830110
830112
830113
830114
830115
830116
830117
830121
830125
830126
830127
830130
830133
830142
830143
830148
830149
830150
830154
830156
830157
830158
830159
830160
830162
830163
830164
830165
830166
830167
830168
830171
830173
830176
830180
830181
830182
830183
830186
830188
830197
830198
830202
830207
830208
830209
830210
830214
830215
830216
830217
830222
830224
830225
830226
830228
830230
830231
830232
830233
830235
830237
830238
830241
830243
830246
830247
830250
830252
830253
830254
830255
830256
830257
830258
830259
830260
830261
830265
830266
830267
830270
830272
830273
830281
830285
830294
830295
830297
830298
830299
830301
830303
830304
830305
830307
830314
830316
830318
830319
830321
830323
830324
830326
830328
830329
830334
830336
830338
830339
830340
830343
830344
830345
830348
830349
830353
830354
830355
830356
830360
830363
830364
830365
830366
830368
830369
830371
830372
830373
830374
830375
830376
830380
830382
830383
830384
830386
830387
830389
830390
830392
830394
830397
830398
830401
830403
830404
830405
830408
830409
830410
830412
830414
830416
830422
830428
830429
830430
830431
830433
830434
830437
830441
830442
830443
830445
830447
830448
830449
830450
830451
830452
830454
830456
830458
830460
830462
830463
830464
830465
830466
830467
830468
830470
830471
830473
830476
830478
830479
830480
830481
830482
830483
830484
830485
830486
830487
830488
830489
830490
830491
830492
830493
830494
830495
830496
830497
830498
830499
830500
830501
830502
830503
830504
830505
830506
830507
830508
830509
830510
830511
830512
830513
830514
830515
830516
830517
830518
830519
830520
830521
830522
830523
830524
830525
830526
830527
830528
830529
830530
830531
830532
830533
830534
830535
830536
830537
830538
830539
830540
830541
830542
830543
830544
830545
830549
830550
830553
830554
830555
830557
830559
830561
830566
830568
830569
830570
830573
830574
830576
830578
830579
830583
830584
830585
830593
830594
830597
830598
830604
830605
830606
830607
830609
830610
830612
830614
830615
830616
830617
830623
830624
830627
830629
830632
830636
830642
830644
830645
830647
830650
830654
830658
830670
830671
830673
830675
830676
830677
830678
830679
830680
830682
830684
830687
830688
830689
830690
830692
830694
830701
830702
830705
830708
830711
830712
830713
830714
830715
830717
830719
830720
830724
830726
830731
830734
830736
830737
830740
830745
830746
830748
830749
830751
830752
830756
830757
830758
830759
830760
830762
830763
830764
830765
830766
830767
830769
830770
830772
830773
830775
830776
830780
830781
830783
830784
830785
830787
830789
830791
830792
830793
830794
830795
830796
830799
830800
830805
830806
830807
830808
830810
830811
830814
830815
830816
830818
830819
830820
830821
830822
830824
830825
830827
830828
830829
830831
830832
830836
830839
830841
830842
830843
830844
830846
830847
830849
830850
830852
830855
830856
830857
830858
830859
830860
830862
830867
830873
830875
830879
830882
830888
830889
830890
830891
830895
830897
830898
830899
830900
830905
830907
830908
830909
830910
830911
830912
830914
830918
830921
830922
830923
830924
830926
830929
830934
830938
830940
830941
830942
830945
830948
830949
830950
830951
830952
830954
830957
830958
830959
830961
830962
830963
830964
830965
830967
830972
830976
830977
830978
830980
830981
830983
830987
830989
830990
830994
830995
830998
831001
831002
831010
831019
831021
831025
831028
831029
831030
831032
831034
831035
831040
831042
831043
831044
831045
831049
831050
831051
831053
831055
831056
831060
831061
831062
831064
831065
831066
831070
831071
831072
831074
831075
831077
831078
831079
831080
831084
831086
831088
831090
831091
831092
831093
831096
831097
831098
831100
831103
831104
831106
831107
831108
831109
831110
831111
831113
831115
831118
831119
831123
831124
831125
831128
831129
831130
831131
831132
831134
831136
831137
831140
831148
831149
831150
831151
831153
831154
831156
831157
831158
831160
831163
831165
831166
831167
831168
831169
831171
831172
831174
831175
831179
831180
831182
831186
831189
831190
831193
831194
831199
831200
831202
831205
831207
831210
831211
831213
831215
831216
831218
831219
831220
831222
831223
831225
831226
831227
831229
831234
831235
831236
831238
831239
831241
831243
831244
831245
831246
831248
831249
831250
831252
831254
831255
831256
831257
831258
831260
831261
831262
831263
831264
831267
831270
831275
831276
831278
831281
831282
831283
831287
831288
831289
831290
831292
831294
831296
831297
831298
831305
831306
831307
831308
831310
831312
831313
831315
831316
831319
831320
831323
831324
831326
831327
831331
831333
831335
831340
831344
831345
831346
831347
831348
831351
831355
831356
831357
831359
831360
831362
831364
831365
831369
831372
831373
831374
831375
831376
831377
831379
831380
831382
831384
831385
831388
831389
831391
831394
831397
831398
831399
831400
831401
831403
831407
831408
831410
831411
831412
831414
831415
831416
831417
831420
831421
831424
831426
831431
831432
831433
831434
831435
831436
831437
831438
831440
831443
831444
831445
831447
831448
831449
831451
831452
831453
831454
831455
831456
831457
831459
831462
831464
831465
831466
831467
831468
831472
831473
831474
831475
831476
831477
831479
831480
831481
831483
831484
831487
831488
831489
831490
831492
831493
831494
831495
831496
831497
831498
831499
831500
831501
831502
831507
831508
831509
831511
831513
831514
831521
831522
831524
831527
831530
831531
831533
831534
831535
831538
831539
831540
831541
831542
831543
831545
831547
831548
831550
831551
831552
831553
831555
831557
831562
831564
831566
831570
831571
831572
831574
831576
831577
831579
831580
831581
831584
831585
831586
831587
831588
831589
831592
831594
831596
831598
831600
831602
831604
831605
831606
831611
831612
831615
831616
831620
831621
831622
831623
831625
831626
831627
831629
831632
831633
831634
831635
831637
831639
831641
831643
831644
831645
831647
831649
831650
831651
831654
831656
831658
831659
831660
831661
831662
831663
831665
831669
831671
831673
831677
831678
831679
831680
831681
831682
831683
831684
831685
831686
831687
831688
831689
831690
831691
831692
831696
831697
831699
831700
831701
831702
831703
831705
831706
831708
831709
831711
831712
831713
831714
831716
831717
831722
831723
831724
831725
831726
831727
831730
831731
831735
831737
831740
831741
831743
831744
831745
831746
831747
831749
831754
831758
831760
831764
831765
831767
831768
831769
831770
831771
831773
831774
831775
831776
831777
831778
831779
831781
831783
831787
831788
831789
831790
831794
831795
831796
831798
831799
831807
831808
831809
831810
831812
831813
831814
831815
831819
831822
831824
831829
831831
831835
831836
831838
831840
831842
831844
831846
831848
831849
831851
831853
831855
831856
831857
831859
831860
831863
831864
831866
831868
831869
831870
831872
831873
831874
831875
831876
831877
831878
831879
831880
831881
831882
831884
831885
831888
831889
831890
831892
831893
831894
831895
831896
831899
831901
831902
831904
831905
831906
831908
831909
831911
831912
831913
831914
831915
831916
831918
831919
831921
831929
831930
831931
831937
831938
831939
831940
831943
831944
831945
831946
831947
831948
831949
831950
831952
831953
831954
831955
831956
831957
831959
831962
831963
831964
831967
831968
831971
831974
831980
831984
831986
831989
831990
831991
831992
831993
831995
831996
831997
831998
831999
832000
832002
832005
832008
832009
832010
832011
832012
832013
832014
832015
832018
832019
832020
832024
832025
832026
832028
832030
832031
832033
832034
832035
832038
832040
832043
832045
832048
832050
832053
832054
832055
832056
832059
832060
832061
832062
832063
832065
832067
832068
832069
832072
832073
832074
832076
832090
832091
832092
832095
832098
832102
832104
832105
832107
832108
832112
832113
832115
832117
832119
832123
832124
832125
832127
832128
832132
832133
832134
832135
832139
832140
832142
832143
832145
832148
832149
832150
832153
832156
832158
832161
832163
832165
832168
832170
832172
832173
832177
832178
832179
832183
832186
832188
832192
832193
832194
832195
832196
832197
832198
832199
832200
832201
832202
832203
832204
832205
832206
832207
832208
832209
832211
832216
832217
832218
832219
832223
832224
832225
832230
832231
832233
832235
832237
832241
832243
832244
832249
832250
832253
832261
832262
832263
832268
832269
832271
832274
832275
832277
832279
832284
832286
832288
832290
832291
832292
832293
832295
832296
832301
832303
832305
832309
832310
832312
832313
832314
832315
832317
832320
832322
832323
832325
832330
832335
832336
832337
832339
832340
832341
832342
832347
832348
832351
832353
832354
832355
832356
832358
832359
832362
832374
832379
832380
832381
832383
832385
832386
832389
832391
832396
832401
832402
832404
832409
832412
832415
832416
832420
832421
832426
832427
832428
832430
832432
832435
832439
832443
832448
832449
832451
832452
832455
832457
832463
832465
832469
832470
832471
832472
832475
832477
832478
832479
832480
832482
832486
832487
832489
832491
832492
832493
832494
832496
832497
832498
832503
832504
832505
832506
832508
832509
832514
832515
832519
832520
832521
832524
832525
832526
832527
832528
832530
832533
832537
832538
832539
832540
832541
832543
832544
832545
832546
832547
832548
832551
832554
832555
832557
832558
832559
832560
832561
832563
832565
832566
832568
832569
832570
832574
832578
832582
832589
832592
832594
832596
832600
832601
832602
832606
832607
832609
832610
832611
832612
832613
832614
832615
832618
832621
832624
832625
832628
832629
832631
832634
832640
832641
832644
832650
832652
832653
832654
832655
832656
832657
832658
832659
832660
832661
832662
832663
832664
832665
832666
832667
832668
832669
832670
832671
832672
832673
832674
832675
832676
832677
832678
832679
832680
832681
832682
832683
832684
832685
832686
832687
832688
832689
832690
832691
832692
832693
832694
832695
832696
832697
832698
832699
832700
832701
832702
832703
832704
832705
832706
832707
832708
832709
832710
832711
832712
832713
832714
832715
832716
832717
832718
832719
832720
832721
832722
832723
832724
832725
832726
832727
832728
832729
832730
832731
832732
832733
832734
832735
832736
832737
832738
832739
832740
832741
832742
832743
832744
832745
832746
832747
832748
832749
832750
832751
832753
832757
832760
832761
832762
832763
832766
832768
832771
832773
832774
832775
832779
832780
832781
832782
832783
832784
832786
832787
832790
832791
832793
832794
832797
832798
832799
832801
832802
832807
832809
832810
832811
832812
832814
832822
832823
832825
832826
832827
832830
832831
832832
832835
832843
832850
832854
832855
832857
832863
832866
832869
832876
832879
832880
832881
832882
832883
832884
832885
832886
832887
832888
832889
832890
832892
832893
832894
832900
832901
832904
832908
832911
832914
832915
832918
832919
832920
832921
832922
832923
832924
832925
832926
832928
832929
832931
832932
832933
832938
832939
832941
832942
832944
832945
832946
832948
832949
832951
832955
832956
832958
832961
832962
832964
832966
832967
832970
832972
832974
832977
832981
832983
832984
832985
832989
832993
833001
833006
833007
833008
833009
833011
833013
833014
833015
833017
833019
833020
833021
833022
833023
833025
833026
833027
833029
833031
833034
833035
833039
833040
833041
833042
833043
833047
833048
833049
833050
833051
833052
833053
833054
833055
833056
833057
833058
833059
833060
833061
833062
833063
833064
833065
833066
833067
833068
833069
833070
833071
833073
833079
833081
833082
833083
833084
833085
833087
833088
833092
833093
833096
833097
833098
833101
833105
833107
833111
833112
833114
833115
833117
833118
833119
833121
833122
833123
833125
833131
833142
833143
833146
833149
833151
833153
833154
833155
833159
833160
833168
833171
833174
833175
833177
833183
833186
833187
833193
833196
833198
833199
833201
833203
833205
833206
833208
833214
833215
833217
833220
833221
833224
833229
833230
833232
833233
833235
833236
833237
833238
833239
833241
833242
833244
833249
833253
833254
833258
833259
833260
833263
833267
833270
833272
833274
833275
833276
833277
833278
833282
833284
833285
833286
833287
833288
833290
833292
833294
833295
833301
833302
833303
833304
833305
833307
833308
833310
833311
833316
833317
833320
833322
833323
833324
833325
833329
833330
833331
833332
833333
833337
833341
833343
833344
833345
833347
833349
833350
833352
833353
833359
833360
833361
833362
833364
833365
833366
833367
833368
833370
833372
833374
833382
833383
833384
833385
833386
833392
833395
833396
833397
833400
833402
833403
833404
833406
833407
833408
833409
833410
833411
833412
833415
833416
833417
833421
833424
833431
833435
833436
833438
833441
833445
833449
833452
833453
833454
833456
833459
833460
833463
833464
833466
833467
833469
833472
833475
833479
833486
833487
833488
833489
833492
833495
833496
833500
833502
833503
833504
833506
833510
833515
833524
833525
833526
833529
833531
833534
833540
833542
833544
833545
833548
833549
833556
833560
833565
833566
833567
833570
833571
833573
833576
833578
833583
833586
833591
833593
833599
833601
833603
833606
833607
833608
833610
833613
833615
833616
833617
833619
833622
833626
833633
833634
833636
833639
833641
833646
833647
833648
833649
833650
833651
833652
833654
833655
833657
833658
833659
833661
833662
833663
833665
833666
833667
833668
833669
833671
833674
833675
833677
833680
833683
833685
833686
833687
833688
833692
833694
833697
833699
833700
833701
833703
833704
833705
833707
833709
833714
833716
833717
833718
833720
833721
833722
833723
833724
833725
833726
833727
833732
833733
833735
833736
833738
833742
833746
833750
833753
833756
833758
833759
833760
833761
833764
833765
833767
833768
833771
833773
833775
833778
833780
833782
833784
833785
833787
833788
833789
833790
833791
833792
833793
833796
833799
833803
833804
833808
833815
833818
833820
833821
833825
833831
833838
833839
833840
833843
833846
833849
833852
833853
833854
833857
833858
833859
833862
833863
833868
833869
833870
833871
833874
833876
833877
833878
833880
833884
833886
833891
833892
833894
833899
833900
833901
833903
833904
833906
833908
833911
833912
833913
833918
833919
833920
833922
833925
833926
833928
833929
833930
833932
833933
833934
833935
833938
833940
833942
833944
833946
833950
833952
833958
833960
833963
833966
833969
833974
833990
833991
833993
833997
833998
834000
834004
834009
834010
834011
834014
834016
834018
834023
834025
834026
834027
834029
834030
834031
834032
834040
834041
834043
834044
834046
834049
834052
834053
834054
834056
834057
834058
834060
834063
834064
834069
834071
834072
834073
834078
834081
834082
834087
834089
834091
834094
834095
834096
834098
834100
834101
834102
834103
834104
834105
834106
834107
834108
834109
834112
834114
834115
834116
834122
834124
834125
834126
834127
834128
834129
834130
834131
834133
834137
834140
834142
834143
834144
834145
834146
834147
834148
834150
834151
834152
834153
834154
834155
834156
834157
834158
834159
834160
834161
834162
834163
834164
834165
834166
834167
834168
834169
834170
834171
834172
834173
834174
834175
834176
834177
834178
834179
834180
834181
834182
834183
834184
834185
834186
834187
834188
834189
834190
834191
834192
834193
834194
834195
834196
834197
834198
834199
834200
834201
834202
834203
834204
834205
834206
834207
834208
834209
834210
834211
834212
834213
834214
834215
834216
834217
834218
834219
834220
834221
834222
834223
834224
834225
834226
834227
834228
834229
834230
834231
834232
834233
834234
834235
834236
834237
834238
834239
834240
834241
834242
834243
834244
834245
834246
834247
834248
834249
834250
834251
834252
834253
834254
834255
834256
834257
834258
834259
834260
834261
834262
834263
834264
834265
834266
834267
834268
834269
834270
834271
834272
834273
834274
834275
834276
834277
834278
834279
834280
834281
834282
834283
834284
834285
834286
834287
834288
834289
834290
834291
834292
834293
834294
834295
834296
834297
834298
834299
834300
834301
834302
834303
834304
834305
834306
834307
834308
834309
834310
834311
834312
834313
834314
834315
834316
834317
834318
834319
834320
834321
834322
834323
834324
834325
834326
834327
834328
834329
834330
834331
834332
834333
834334
834335
834336
834337
834338
834339
834340
834341
834342
834343
834344
834345
834346
834347
834348
834349
834350
834351
834352
834353
834354
834355
834356
834357
834358
834359
834360
834361
834362
834363
834364
834365
834366
834367
834368
834369
834370
834371
834372
834373
834374
834375
834376
834377
834378
834379
834380
834381
834382
834383
834384
834385
834386
834387
834388
834389
834390
834391
834392
834393
834394
834395
834396
834397
834398
834399
834400
834401
834402
834403
834404
834405
834406
834407
834408
834409
834410
834411
834412
834413
834414
834415
834416
834417
834418
834419
834420
834421
834422
834423
834424
834425
834426
834427
834428
834429
834430
834431
834432
834433
834434
834435
834436
834437
834438
834439
834440
834441
834442
834443
834444
834445
834446
834447
834448
834449
834450
834451
834452
834453
834454
834455
834456
834457
834458
834459
834460
834461
834462
834463
834464
834465
834466
834467
834468
834469
834470
834471
834472
834473
834474
834475
834476
834477
834478
834479
834480
834481
834482
834483
834484
834485
834486
834487
834488
834489
834490
834491
834492
834493
834494
834495
834496
834497
834498
834499
834500
834501
834502
834503
834504
834505
834506
834507
834508
834509
834510
834511
834512
834513
834514
834515
834516
834517
834518
834519
834520
834521
834522
834523
834524
834525
834526
834527
834528
834529
834530
834531
834532
834533
834534
834535
834536
834537
834538
834539
834540
834541
834542
834543
834544
834545
834546
834547
834548
834549
834550
834551
834552
834553
834554
834555
834556
834557
834558
834559
834560
834561
834562
834563
834564
834565
834566
834567
834568
834569
834570
834571
834572
834573
834574
834575
834576
834577
834578
834579
834580
834581
834582
834583
834584
834585
834586
834587
834588
834589
834590
834591
834592
834593
834594
834595
834596
834597
834598
834599
834600
834601
834602
834603
834604
834605
834606
834607
834608
834609
834610
834611
834612
834613
834614
834615
834616
834617
834618
834619
834620
834621
834622
834623
834624
834625
834626
834627
834628
834629
834630
834631
834632
834633
834634
834635
834636
834637
834638
834639
834640
834641
834642
834643
834644
834645
834646
834647
834648
834649
834650
834651
834652
834653
834654
834655
834656
834657
834658
834659
834660
834661
834662
834663
834664
834665
834666
834667
834668
834669
834670
834671
834672
834673
834674
834675
834676
834677
834678
834679
834680
834681
834682
834683
834684
834685
834686
834687
834688
834689
834690
834691
834692
834693
834694
834695
834696
834697
834698
834699
834700
834701
834702
834703
834704
834705
834706
834707
834708
834709
834710
834711
834712
834713
834714
834715
834716
834717
834718
834719
834720
834721
834722
834723
834724
834725
834726
834727
834728
834729
834730
834731
834732
834733
834734
834735
834736
834737
834738
834739
834740
834741
834742
834743
834744
834745
834746
834747
834748
834749
834750
834751
834752
834753
834754
834755
834756
834757
834758
834759
834760
834761
834762
834763
834764
834765
834766
834767
834768
834769
834770
834771
834772
834773
834774
834775
834776
834777
834778
834779
834780
834781
834782
834783
834784
834785
834786
834787
834788
834789
834790
834791
834792
834793
834794
834795
834796
834797
834798
834799
834800
834801
834802
834803
834804
834805
834806
834807
834808
834809
834810
834811
834812
834813
834814
834815
834816
834817
834818
834819
834820
834821
834822
834823
834824
834825
834826
834827
834828
834829
834830
834831
834832
834833
834834
834835
834836
834837
834838
834839
834840
834841
834842
834843
834844
834845
834846
834847
834848
834849
834850
834851
834852
834853
834854
834855
834856
834857
834858
834859
834860
834861
834862
834863
834864
834865
834866
834867
834868
834869
834870
834871
834872
834873
834874
834875
834876
834877
834878
834879
834880
834881
834882
834883
834884
834885
834886
834887
834888
834889
834890
834891
834892
834893
834894
834895
834896
834897
834898
834899
834900
834901
834902
834903
834904
834905
834906
834907
834908
834909
834910
834911
834912
834913
834914
834915
834916
834917
834918
834919
834920
834921
834922
834923
834924
834925
834926
834927
834928
834929
834930
834931
834932
834933
834934
834935
834936
834937
834938
834939
834940
834941
834942
834943
834944
834945
834946
834947
834948
834949
834950
834951
834952
834953
834954
834955
834956
834957
834958
834959
834960
834961
834962
834963
834964
834965
834966
834967
834968
834969
834970
834971
834972
834973
834974
834975
834976
834977
834978
834979
834980
834981
834982
834983
834984
834985
834986
834987
834988
834989
834990
834991
834992
834993
834994
834995
834996
834997
834998
834999
835000
835001
835002
835003
835004
835005
835006
835007
835008
835009
835010
835011
835012
835013
835014
835015
835016
835017
835018
835019
835020
835021
835022
835023
835024
835025
835026
835027
835028
835029
835030
835031
835032
835033
835034
835035
835036
835037
835038
835039
835040
835041
835042
835043
835044
835045
835046
835047
835048
835049
835050
835051
835052
835053
835054
835055
835056
835057
835058
835059
835060
835061
835062
835063
835064
835065
835066
835067
835068
835069
835070
835071
835072
835073
835074
835075
835076
835077
835078
835079
835080
835081
835082
835083
835084
835085
835086
835087
835088
835089
835090
835091
835092
835093
835094
835095
835096
835097
835098
835099
835100
835101
835102
835103
835104
835105
835106
835107
835108
835109
835110
835111
835112
835113
835114
835115
835116
835117
835118
835119
835120
835121
835122
835123
835124
835125
835126
835127
835128
835129
835130
835131
835132
835133
835134
835135
835136
835137
835138
835139
835140
835141
835142
835143
835144
835145
835146
835147
835148
835149
835150
835151
835152
835153
835154
835155
835156
835157
835158
835159
835160
835161
835162
835163
835164
835165
835166
835167
835168
835169
835170
835171
835172
835173
835174
835175
835176
835177
835178
835179
835180
835181
835182
835183
835184
835185
835186
835187
835188
835189
835190
835191
835192
835193
835194
835195
835196
835197
835198
835199
835200
835201
835202
835203
835204
835205
835206
835207
835208
835209
835210
835211
835212
835213
835214
835215
835216
835217
835218
835219
835220
835221
835222
835223
835224
835225
835226
835227
835228
835229
835230
835231
835232
835233
835234
835235
835236
835237
835238
835239
835240
835241
835242
835243
835244
835245
835246
835247
835248
835249
835250
835251
835252
835253
835254
835255
835256
835257
835258
835259
835260
835261
835262
835263
835264
835265
835266
835267
835268
835269
835270
835271
835272
835273
835274
835275
835276
835277
835278
835279
835280
835281
835282
835283
835284
835285
835286
835287
835288
835289
835290
835291
835292
835293
835294
835295
835296
835297
835298
835299
835300
835301
835302
835303
835304
835305
835306
835307
835308
835309
835310
835311
835312
835313
835314
835315
835316
835317
835318
835319
835320
835321
835322
835323
835324
835325
835326
835327
835328
835329
835330
835331
835332
835333
835334
835335
835336
835337
835338
835339
835340
835341
835342
835343
835344
835345
835346
835347
835348
835349
835350
835351
835352
835353
835354
835355
835356
835357
835358
835359
835360
835361
835362
835363
835364
835365
835366
835367
835368
835369
835370
835371
835372
835373
835374
835375
835376
835377
835378
835379
835380
835381
835382
835383
835384
835385
835386
835387
835388
835389
835390
835391
835392
835393
835394
835395
835396
835397
835398
835399
835400
835401
835402
835403
835404
835405
835406
835407
835408
835409
835410
835411
835412
835413
835414
835415
835416
835417
835418
835419
835420
835421
835422
835423
835424
835425
835426
835427
835428
835429
835430
835431
835432
835433
835434
835435
835436
835437
835438
835439
835440
835441
835442
835443
835444
835445
835446
835447
835448
835449
835450
835451
835452
835453
835454
835455
835456
835457
835458
835459
835460
835461
835462
835463
835464
835465
835466
835467
835468
835469
835470
835471
835472
835473
835474
835475
835476
835477
835478
835479
835480
835481
835482
835483
835484
835485
835486
835487
835488
835489
835490
835491
835492
835493
835494
835495
835496
835497
835498
835499
835500
835501
835502
835503
835504
835505
835506
835507
835508
835509
835510
835511
835512
835513
835514
835515
835516
835517
835518
835519
835520
835521
835522
835523
835524
835525
835526
835527
835528
835529
835530
835531
835532
835533
835534
835535
835536
835537
835538
835539
835540
835541
835542
835543
835544
835545
835546
835547
835548
835549
835550
835551
835552
835553
835554
835555
835556
835557
835558
835559
835560
835561
835562
835563
835564
835565
835566
835567
835568
835569
835570
835571
835572
835573
835574
835575
835576
835577
835578
835579
835580
835581
835582
835583
835584
835585
835586
835587
835588
835589
835590
835591
835592
835593
835594
835595
835596
835597
835598
835599
835600
835601
835602
835603
835604
835605
835606
835607
835608
835609
835610
835611
835612
835613
835614
835615
835616
835617
835618
835619
835620
835621
835622
835623
835624
835625
835626
835627
835628
835629
835630
835631
835632
835633
835634
835635
835636
835637
835638
835639
835640
835641
835642
835643
835644
835645
835646
835647
835648
835649
835650
835651
835652
835653
835654
835655
835656
835657
835658
835659
835660
835661
835662
835663
835664
835665
835666
835667
835668
835669
835670
835671
835672
835673
835674
835675
835676
835677
835678
835679
835680
835681
835682
835683
835684
835685
835686
835687
835688
835689
835690
835691
835692
835693
835694
835695
835696
835697
835698
835699
835700
835701
835702
835703
835704
835705
835706
835707
835708
835709
835710
835711
835712
835713
835714
835715
835716
835717
835718
835719
835720
835721
835722
835723
835724
835725
835726
835727
835728
835729
835730
835731
835732
835733
835734
835735
835736
835737
835738
835739
835740
835741
835742
835743
835744
835745
835746
835747
835748
835749
835750
835751
835752
835753
835754
835755
835756
835757
835758
835759
835760
835761
835762
835763
835764
835765
835766
835767
835768
835769
835770
835771
835772
835773
835774
835775
835776
835777
835778
835779
835780
835781
835782
835783
835784
835785
835786
835787
835788
835789
835790
835791
835792
835793
835794
835795
835796
835797
835798
835799
835800
835801
835802
835803
835804
835805
835806
835807
835808
835809
835810
835811
835812
835813
835814
835815
835816
835817
835818
835819
835820
835821
835822
835823
835824
835825
835826
835827
835828
835829
835830
835831
835832
835833
835834
835835
835836
835837
835838
835839
835840
835841
835842
835843
835844
835845
835846
835847
835848
835849
835850
835851
835852
835853
835854
835855
835856
835857
835858
835859
835860
835861
835862
835863
835864
835865
835866
835867
835868
835869
835870
835871
835872
835873
835874
835875
835876
835877
835878
835879
835880
835881
835882
835883
835884
835885
835886
835887
835888
835889
835890
835891
835892
835893
835894
835895
835896
835897
835898
835900
835901
835902
835903
835904
835905
835906
835907
835908
835909
835910
835911
835912
835913
835914
835915
835916
835917
835918
835919
835920
835921
835922
835923
835924
835925
835926
835927
835928
835929
835930
835931
835932
835933
835934
835935
835936
835937
835938
835939
835940
835941
835942
835943
835944
835945
835946
835947
835948
835949
835950
835951
835952
835953
835954
835955
835956
835957
835958
835959
835960
835961
835962
835963
835964
835965
835966
835967
835968
835969
835970
835971
835972
835973
835974
835975
835976
835977
835978
835979
835980
835981
835982
835983
835984
835985
835986
835987
835988
835989
835990
835991
835992
835993
835994
835995
835996
835997
835998
835999
836000
836001
836002
836003
836004
836005
836006
836007
836008
836009
836010
836011
836012
836013
836014
836015
836016
836017
836018
836019
836020
836021
836022
836023
836024
836025
836026
836027
836028
836029
836030
836031
836032
836033
836034
836035
836036
836037
836038
836039
836040
836041
836042
836043
836044
836045
836046
836047
836048
836049
836050
836051
836052
836053
836054
836055
836056
836057
836058
836059
836060
836061
836062
836063
836064
836065
836066
836067
836069
836071
836072
836073
836075
836076
836078
836079
836081
836082
836083
836089
836091
836093
836095
836099
836100
836101
836102
836105
836107
836109
836110
836112
836113
836114
836115
836119
836121
836125
836126
836129
836130
836132
836133
836134
836135
836137
836138
836139
836140
836142
836143
836144
836146
836147
836149
836150
836152
836153
836155
836156
836163
836164
836165
836167
836168
836169
836170
836171
836173
836174
836175
836176
836177
836178
836179
836181
836182
836183
836184
836185
836186
836187
836188
836189
836190
836191
836192
836193
836194
836195
836196
836197
836198
836199
836200
836201
836202
836203
836204
836205
836206
836207
836208
836209
836210
836211
836212
836213
836214
836215
836216
836217
836218
836219
836220
836221
836222
836223
836224
836225
836226
836227
836228
836229
836230
836231
836232
836233
836234
836235
836236
836237
836238
836239
836240
836241
836242
836243
836244
836245
836246
836247
836248
836249
836250
836251
836252
836253
836254
836255
836256
836257
836258
836259
836260
836261
836262
836263
836264
836265
836266
836267
836268
836269
836270
836271
836272
836273
836274
836275
836276
836277
836278
836279
836280
836281
836282
836283
836284
836285
836286
836287
836288
836289
836290
836291
836292
836293
836294
836295
836296
836297
836298
836299
836300
836301
836302
836303
836304
836305
836306
836307
836308
836309
836310
836311
836312
836313
836314
836315
836316
836317
836318
836319
836320
836321
836322
836323
836324
836325
836326
836327
836328
836329
836330
836331
836332
836333
836334
836335
836336
836337
836338
836339
836340
836341
836342
836343
836344
836345
836346
836347
836348
836349
836350
836351
836352
836353
836354
836355
836356
836357
836358
836359
836360
836361
836362
836363
836364
836365
836366
836367
836368
836369
836370
836371
836372
836373
836374
836375
836376
836377
836378
836379
836380
836381
836382
836383
836384
836385
836386
836387
836388
836389
836390
836391
836392
836393
836394
836395
836396
836397
836398
836399
836400
836401
836402
836403
836404
836405
836406
836407
836408
836409
836410
836411
836412
836413
836414
836415
836416
836417
836418
836419
836420
836421
836422
836423
836424
836425
836426
836427
836428
836429
836430
836431
836432
836433
836434
836435
836436
836437
836438
836439
836440
836441
836442
836443
836444
836445
836446
836447
836448
836449
836450
836451
836452
836453
836454
836455
836456
836457
836458
836459
836460
836461
836462
836463
836464
836465
836466
836467
836468
836469
836470
836471
836472
836473
836474
836475
836476
836477
836478
836479
836480
836481
836482
836483
836484
836485
836486
836487
836488
836489
836490
836491
836492
836493
836494
836495
836496
836497
836498
836499
836500
836501
836502
836503
836504
836505
836506
836507
836508
836509
836510
836511
836512
836513
836514
836515
836516
836517
836518
836519
836520
836521
836522
836523
836524
836525
836526
836527
836528
836529
836530
836531
836532
836533
836534
836535
836536
836537
836538
836539
836540
836541
836542
836543
836544
836545
836546
836547
836548
836549
836550
836551
836552
836553
836554
836555
836556
836557
836558
836559
836560
836561
836562
836563
836564
836565
836566
836567
836568
836569
836570
836571
836572
836573
836574
836575
836576
836577
836578
836579
836580
836581
836582
836583
836584
836585
836586
836587
836588
836589
836590
836591
836592
836593
836594
836595
836596
836597
836598
836599
836600
836601
836602
836603
836604
836605
836606
836607
836608
836609
836610
836611
836612
836613
836614
836615
836616
836617
836618
836619
836620
836621
836622
836623
836624
836625
836626
836627
836628
836629
836630
836631
836632
836633
836634
836635
836636
836637
836638
836639
836640
836641
836642
836643
836644
836645
836646
836647
836648
836649
836650
836651
836652
836653
836654
836655
836656
836657
836658
836659
836660
836661
836662
836663
836664
836665
836666
836667
836668
836669
836670
836671
836672
836673
836674
836675
836676
836677
836678
836679
836680
836681
836682
836683
836684
836685
836686
836687
836688
836689
836690
836691
836692
836693
836694
836695
836696
836697
836698
836699
836700
836701
836702
836703
836704
836705
836706
836707
836708
836709
836710
836711
836712
836713
836714
836715
836716
836717
836718
836719
836720
836721
836722
836723
836724
836725
836726
836727
836728
836729
836730
836731
836732
836733
836734
836735
836736
836737
836738
836739
836740
836741
836742
836743
836744
836745
836746
836747
836748
836749
836750
836751
836752
836753
836754
836755
836756
836757
836758
836759
836760
836761
836762
836763
836764
836765
836766
836767
836768
836769
836770
836771
836772
836773
836774
836775
836776
836777
836778
836779
836780
836781
836782
836783
836784
836785
836786
836787
836788
836789
836790
836791
836792
836793
836794
836795
836796
836797
836798
836799
836800
836801
836802
836803
836804
836805
836806
836807
836808
836809
836810
836811
836812
836813
836814
836815
836816
836817
836818
836819
836820
836821
836822
836823
836824
836825
836826
836827
836828
836829
836830
836831
836832
836833
836834
836835
836836
836837
836838
836839
836840
836841
836842
836843
836844
836845
836846
836847
836848
836849
836850
836851
836852
836853
836854
836855
836856
836857
836858
836859
836860
836861
836862
836863
836864
836865
836866
836867
836868
836869
836870
836871
836872
836873
836874
836875
836876
836877
836878
836879
836880
836881
836882
836883
836884
836885
836886
836887
836888
836889
836890
836891
836892
836893
836894
836895
836896
836897
836898
836899
836900
836901
836902
836903
836904
836905
836906
836907
836908
836909
836910
836911
836912
836913
836914
836915
836916
836917
836918
836919
836920
836921
836922
836923
836924
836925
836926
836927
836928
836929
836930
836931
836932
836933
836934
836935
836936
836937
836938
836939
836940
836941
836942
836943
836944
836945
836946
836947
836948
836949
836950
836951
836952
836953
836954
836955
836956
836957
836958
836959
836960
836961
836962
836963
836964
836965
836966
836967
836968
836969
836970
836971
836972
836973
836974
836975
836976
836977
836978
836979
836980
836981
836982
836983
836984
836985
836986
836987
836988
836989
836990
836991
836992
836993
836994
836995
836996
836997
836998
836999
837000
837001
837002
837003
837004
837005
837006
837007
837008
837009
837010
837011
837012
837013
837014
837015
837016
837017
837018
837019
837020
837021
837022
837023
837024
837025
837026
837027
837028
837029
837030
837031
837032
837033
837034
837035
837036
837037
837038
837039
837040
837041
837042
837043
837044
837045
837046
837047
837048
837049
837050
837051
837052
837053
837054
837055
837056
837057
837058
837059
837060
837061
837062
837063
837064
837065
837066
837067
837068
837069
837070
837071
837072
837073
837074
837075
837076
837077
837078
837079
837080
837081
837082
837083
837084
837085
837086
837087
837088
837089
837090
837091
837092
837093
837094
837095
837096
837097
837098
837099
837100
837101
837102
837103
837104
837105
837106
837107
837108
837109
837110
837111
837112
837113
837114
837115
837116
837117
837118
837119
837120
837121
837122
837123
837124
837125
837126
837127
837128
837129
837130
837131
837132
837133
837134
837135
837136
837137
837138
837139
837140
837141
837142
837143
837144
837145
837146
837147
837148
837149
837150
837151
837152
837153
837154
837155
837156
837157
837158
837159
837160
837161
837162
837163
837164
837165
837166
837167
837168
837169
837170
837171
837172
837173
837174
837175
837176
837177
837178
837179
837180
837181
837182
837183
837184
837185
837186
837187
837188
837189
837190
837191
837192
837193
837194
837195
837196
837197
837198
837199
837200
837201
837202
837203
837204
837205
837206
837207
837208
837209
837210
837211
837212
837213
837214
837215
837216
837217
837218
837219
837220
837221
837222
837223
837224
837225
837226
837227
837228
837229
837230
837231
837232
837233
837234
837235
837236
837237
837238
837239
837240
837241
837242
837243
837244
837245
837246
837247
837248
837249
837250
837251
837252
837253
837254
837255
837256
837257
837258
837259
837260
837261
837262
837263
837264
837265
837266
837267
837268
837269
837270
837271
837272
837273
837274
837275
837276
837277
837278
837279
837280
837281
837282
837283
837284
837285
837286
837287
837288
837289
837290
837291
837292
837293
837294
837295
837296
837297
837298
837299
837300
837301
837302
837303
837304
837305
837306
837307
837308
837309
837310
837311
837312
837313
837314
837315
837316
837317
837318
837319
837320
837321
837322
837323
837324
837325
837326
837327
837328
837329
837330
837331
837332
837333
837334
837335
837336
837337
837338
837339
837340
837341
837342
837343
837344
837345
837346
837347
837348
837349
837350
837351
837352
837353
837354
837355
837356
837357
837358
837359
837360
837361
837362
837363
837364
837365
837366
837367
837368
837369
837370
837371
837372
837373
837374
837375
837376
837377
837378
837379
837380
837381
837382
837383
837384
837385
837386
837387
837388
837389
837390
837391
837392
837393
837394
837395
837396
837397
837398
837399
837400
837401
837402
837403
837404
837405
837406
837407
837408
837409
837410
837411
837412
837413
837414
837415
837416
837417
837418
837419
837420
837421
837422
837423
837424
837425
837426
837427
837428
837429
837430
837431
837432
837433
837434
837435
837436
837437
837438
837439
837440
837441
837442
837443
837444
837445
837446
837447
837448
837449
837450
837451
837452
837453
837454
837455
837456
837457
837458
837459
837460
837461
837462
837463
837464
837465
837466
837467
837468
837469
837470
837471
837472
837473
837474
837475
837476
837477
837478
837479
837480
837481
837482
837483
837484
837485
837486
837487
837488
837489
837490
837491
837492
837493
837494
837495
837496
837497
837498
837499
837500
837501
837502
837503
837504
837505
837506
837507
837508
837509
837510
837511
837512
837513
837514
837515
837516
837517
837518
837519
837520
837521
837522
837523
837524
837525
837526
837527
837528
837529
837530
837531
837532
837533
837534
837535
837536
837537
837538
837539
837540
837541
837542
837543
837544
837545
837546
837547
837548
837549
837550
837551
837552
837553
837554
837555
837556
837557
837558
837559
837560
837561
837562
837563
837564
837565
837566
837567
837568
837569
837570
837571
837572
837573
837574
837575
837576
837577
837578
837579
837580
837581
837582
837583
837584
837585
837586
837587
837588
837589
837590
837591
837592
837593
837594
837595
837596
837597
837598
837599
837600
837601
837602
837603
837604
837605
837606
837607
837608
837609
837610
837611
837612
837613
837614
837615
837616
837617
837618
837619
837620
837621
837622
837623
837624
837625
837626
837627
837628
837629
837630
837631
837632
837633
837634
837635
837636
837637
837638
837639
837640
837641
837642
837643
837644
837645
837646
837647
837648
837649
837650
837651
837652
837653
837654
837655
837656
837657
837658
837659
837660
837661
837662
837663
837664
837665
837666
837667
837668
837669
837670
837671
837672
837673
837674
837675
837676
837677
837678
837679
837680
837681
837682
837683
837684
837686
837687
837689
837691
837692
837694
837696
837697
837700
837702
837703
837704
837706
837707
837710
837711
837714
837715
837716
837718
837722
837723
837725
837726
837727
837729
837731
837733
837735
837736
837737
837739
837742
837743
837744
837746
837747
837748
837749
837752
837753
837754
837755
837761
837762
837764
837765
837767
837768
837770
837771
837774
837775
837776
837777
837778
837779
837780
837782
837784
837785
837786
837789
837791
837792
837794
837795
837796
837798
837799
837801
837804
837806
837807
837810
837811
837812
837813
837814
837815
837817
837822
837823
837826
837827
837829
837832
837833
837834
837835
837836
837837
837839
837840
837841
837842
837845
837847
837850
837851
837852
837853
837854
837855
837856
837859
837860
837863
837864
837865
837866
837867
837868
837870
837872
837874
837875
837876
837878
837879
837880
837881
837882
837883
837884
837885
837886
837887
837889
837891
837892
837893
837894
837897
837900
837901
837902
837903
837904
837905
837906
837907
837909
837910
837912
837913
837914
837915
837916
837918
837922
837923
837925
837931
837935
837936
837938
837940
837944
837945
837948
837949
837950
837951
837952
837953
837954
837956
837957
837963
837965
837966
837968
837969
837970
837971
837972
837973
837975
837977
837981
837982
837984
837985
837986
837989
837991
837992
837993
837996
837999
838002
838003
838008
838009
838010
838012
838015
838016
838017
838020
838023
838026
838027
838028
838037
838039
838042
838043
838044
838045
838047
838048
838049
838050
838051
838052
838054
838056
838057
838058
838059
838061
838062
838067
838068
838070
838071
838072
838073
838075
838078
838082
838089
838090
838091
838094
838095
838096
838098
838101
838103
838105
838106
838108
838109
838110
838112
838113
838114
838119
838121
838122
838123
838126
838128
838129
838131
838133
838134
838135
838137
838138
838139
838140
838143
838144
838145
838146
838147
838149
838150
838156
838158
838161
838162
838165
838166
838168
838171
838172
838173
838176
838179
838180
838183
838184
838185
838186
838188
838189
838190
838192
838194
838196
838197
838198
838199
838202
838203
838205
838206
838208
838211
838213
838216
838221
838223
838224
838226
838227
838228
838230
838231
838232
838234
838235
838236
838237
838238
838240
838242
838244
838247
838248
838251
838256
838263
838269
838273
838275
838276
838280
838286
838288
838289
838290
838291
838293
838294
838295
838298
838299
838301
838305
838306
838307
838309
838312
838315
838316
838317
838319
838321
838325
838326
838327
838329
838332
838333
838334
838335
838338
838342
838343
838345
838349
838350
838351
838352
838353
838354
838358
838362
838363
838364
838365
838366
838368
838369
838371
838372
838373
838375
838377
838378
838381
838382
838384
838385
838386
838387
838390
838392
838393
838394
838395
838396
838399
838400
838402
838404
838406
838407
838409
838411
838413
838414
838415
838416
838418
838419
838422
838423
838424
838425
838428
838430
838433
838434
838435
838436
838440
838441
838446
838447
838448
838450
838451
838455
838457
838458
838460
838462
838463
838464
838469
838473
838474
838475
838478
838480
838482
838488
838489
838490
838492
838493
838496
838497
838498
838500
838501
838502
838503
838505
838506
838507
838508
838509
838510
838513
838514
838517
838519
838520
838521
838522
838523
838525
838526
838527
838528
838532
838534
838535
838536
838537
838540
838542
838543
838544
838545
838546
838547
838549
838550
838551
838552
838553
838554
838555
838556
838557
838561
838562
838564
838566
838567
838569
838570
838572
838573
838574
838575
838576
838579
838580
838581
838583
838588
838589
838591
838593
838596
838597
838598
838599
838600
838607
838609
838613
838614
838616
838619
838621
838623
838625
838626
838627
838629
838630
838631
838633
838634
838635
838637
838639
838640
838641
838642
838643
838644
838645
838648
838649
838652
838653
838656
838658
838659
838660
838662
838663
838666
838667
838670
838673
838675
838676
838678
838679
838680
838681
838682
838683
838685
838686
838688
838689
838690
838691
838693
838694
838697
838698
838700
838703
838704
838705
838707
838708
838711
838713
838714
838715
838718
838719
838724
838728
838731
838732
838733
838739
838743
838744
838748
838751
838752
838757
838760
838761
838762
838769
838770
838771
838772
838773
838775
838777
838781
838783
838784
838785
838786
838787
838788
838794
838796
838797
838800
838802
838803
838805
838809
838810
838811
838812
838813
838815
838816
838823
838826
838827
838828
838829
838830
838831
838833
838834
838840
838842
838845
838847
838851
838852
838854
838857
838858
838859
838860
838863
838866
838868
838870
838872
838873
838877
838879
838881
838882
838884
838886
838887
838889
838891
838892
838895
838900
838901
838904
838906
838907
838908
838913
838917
838920
838922
838923
838925
838926
838928
838929
838930
838931
838933
838934
838935
838940
838941
838942
838946
838947
838948
838950
838952
838953
838954
838956
838957
838960
838961
838965
838966
838969
838971
838972
838973
838974
838975
838977
838978
838981
838982
838988
838990
838991
838993
838995
838996
838997
838998
839000
839001
839002
839003
839005
839008
839011
839013
839014
839015
839016
839021
839022
839023
839024
839026
839028
839035
839037
839038
839040
839042
839044
839050
839053
839054
839060
839061
839063
839064
839068
839069
839070
839071
839072
839074
839075
839077
839079
839081
839082
839085
839086
839087
839088
839091
839093
839095
839096
839098
839099
839100
839101
839102
839104
839106
839110
839111
839113
839114
839115
839117
839121
839123
839124
839125
839126
839130
839131
839132
839133
839134
839136
839137
839139
839143
839147
839149
839155
839156
839161
839162
839163
839164
839165
839169
839171
839174
839179
839180
839182
839184
839185
839187
839188
839189
839193
839194
839196
839198
839203
839205
839207
839209
839211
839217
839218
839219
839220
839221
839223
839226
839229
839230
839231
839234
839235
839236
839237
839240
839241
839243
839244
839247
839250
839251
839253
839254
839255
839262
839264
839267
839268
839269
839273
839274
839276
839278
839280
839281
839282
839283
839284
839286
839287
839288
839289
839294
839296
839298
839302
839303
839305
839309
839310
839313
839314
839315
839318
839321
839322
839324
839326
839329
839330
839337
839339
839340
839341
839342
839343
839344
839345
839346
839347
839348
839349
839350
839351
839352
839353
839354
839355
839356
839357
839358
839359
839360
839361
839362
839363
839364
839365
839366
839373
839376
839378
839379
839383
839386
839392
839393
839396
839397
839399
839400
839401
839406
839407
839409
839411
839412
839414
839416
839418
839419
839420
839421
839424
839426
839428
839429
839433
839434
839435
839436
839441
839443
839446
839447
839453
839455
839456
839458
839460
839462
839464
839465
839466
839468
839470
839471
839473
839478
839480
839481
839482
839486
839487
839491
839492
839493
839495
839497
839500
839502
839504
839505
839506
839507
839510
839511
839513
839515
839518
839521
839525
839526
839527
839528
839530
839531
839540
839544
839546
839548
839552
839554
839555
839560
839566
839569
839570
839572
839573
839581
839582
839583
839585
839589
839590
839591
839592
839599
839600
839601
839602
839604
839605
839611
839613
839614
839618
839620
839624
839625
839626
839628
839629
839630
839631
839638
839639
839642
839643
839644
839646
839647
839649
839651
839655
839657
839658
839661
839663
839666
839668
839669
839672
839675
839682
839684
839685
839686
839690
839696
839699
839702
839704
839705
839712
839714
839715
839718
839723
839725
839726
839732
839738
839739
839740
839741
839742
839743
839744
839745
839747
839748
839749
839751
839752
839754
839758
839759
839760
839762
839763
839765
839767
839769
839771
839772
839774
839775
839781
839783
839784
839785
839787
839789
839790
839794
839797
839798
839803
839806
839808
839812
839813
839815
839816
839819
839820
839822
839823
839828
839829
839832
839834
839835
839836
839837
839839
839842
839844
839845
839848
839849
839850
839855
839858
839860
839863
839865
839866
839867
839868
839870
839872
839876
839877
839880
839881
839882
839884
839885
839887
839888
839890
839893
839895
839896
839897
839899
839902
839904
839907
839908
839911
839914
839915
839916
839919
839920
839921
839922
839924
839925
839928
839930
839931
839932
839934
839935
839937
839940
839941
839944
839949
839951
839952
839955
839956
839957
839959
839963
839964
839965
839968
839969
839971
839972
839973
839974
839975
839978
839981
839983
839984
839990
839995
839997
839999
840002
840007
840008
840009
840010
840012
840015
840016
840017
840018
840021
840022
840028
840030
840031
840033
840036
840037
840038
840039
840042
840043
840045
840046
840048
840050
840051
840058
840060
840061
840063
840064
840065
840066
840069
840071
840073
840074
840076
840078
840079
840080
840082
840084
840086
840088
840089
840090
840092
840093
840095
840097
840102
840107
840108
840110
840111
840113
840114
840115
840117
840121
840126
840127
840128
840131
840132
840135
840139
840140
840141
840142
840143
840145
840146
840147
840148
840151
840154
840155
840156
840157
840158
840160
840161
840162
840163
840167
840170
840171
840172
840174
840175
840176
840179
840180
840182
840184
840189
840190
840191
840193
840194
840195
840197
840199
840200
840201
840202
840203
840205
840208
840209
840211
840215
840216
840217
840219
840220
840222
840223
840225
840229
840230
840233
840234
840235
840236
840237
840238
840241
840243
840248
840249
840254
840262
840265
840266
840268
840270
840272
840274
840275
840277
840278
840279
840282
840284
840285
840288
840289
840292
840293
840294
840295
840296
840298
840302
840304
840308
840311
840313
840314
840317
840319
840320
840325
840326
840333
840336
840338
840340
840345
840349
840350
840351
840357
840358
840359
840361
840364
840365
840367
840369
840370
840371
840374
840375
840379
840385
840393
840394
840398
840399
840400
840401
840402
840404
840409
840410
840413
840414
840419
840422
840423
840424
840425
840429
840434
840437
840440
840441
840444
840447
840448
840449
840452
840467
840473
840475
840476
840477
840480
840481
840487
840489
840494
840495
840497
840498
840500
840503
840504
840505
840506
840507
840508
840509
840512
840513
840514
840515
840516
840518
840519
840521
840522
840524
840528
840530
840531
840532
840537
840538
840540
840541
840542
840545
840548
840551
840554
840557
840558
840559
840560
840561
840563
840564
840565
840568
840569
840570
840571
840574
840575
840577
840578
840579
840582
840588
840589
840591
840592
840593
840595
840597
840598
840601
840603
840604
840606
840608
840609
840611
840616
840617
840618
840619
840626
840630
840632
840636
840637
840638
840641
840642
840644
840646
840647
840648
840650
840652
840655
840656
840657
840658
840659
840660
840662
840664
840666
840667
840669
840670
840671
840674
840675
840676
840677
840679
840681
840682
840683
840684
840687
840688
840690
840692
840694
840696
840697
840699
840700
840704
840708
840711
840720
840724
840727
840728
840729
840731
840735
840737
840739
840741
840742
840743
840748
840751
840754
840757
840758
840760
840761
840762
840764
840765
840768
840769
840770
840772
840774
840775
840776
840781
840782
840785
840790
840791
840794
840795
840798
840799
840800
840801
840802
840805
840808
840809
840810
840811
840812
840813
840821
840824
840826
840831
840832
840837
840839
840841
840843
840845
840847
840850
840852
840854
840855
840856
840857
840858
840862
840863
840864
840865
840867
840869
840870
840871
840875
840880
840881
840884
840887
840888
840892
840894
840902
840903
840904
840905
840906
840907
840908
840909
840910
840911
840912
840913
840915
840917
840918
840919
840923
840927
840928
840931
840932
840933
840939
840940
840941
840942
840943
840944
840949
840955
840957
840959
840960
840961
840962
840964
840965
840967
840972
840973
840974
840975
840976
840977
840978
840979
840987
840988
840989
840990
840992
840994
840998
840999
841013
841015
841016
841027
841028
841029
841030
841031
841034
841035
841036
841038
841040
841041
841043
841044
841046
841048
841049
841050
841052
841053
841054
841056
841057
841058
841059
841061
841062
841063
841064
841065
841068
841069
841071
841074
841078
841079
841082
841084
841090
841091
841092
841094
841095
841096
841097
841098
841099
841101
841103
841105
841106
841107
841110
841113
841115
841116
841117
841120
841121
841124
841125
841128
841129
841131
841136
841137
841138
841140
841141
841142
841143
841144
841145
841146
841149
841152
841154
841155
841156
841157
841158
841159
841160
841161
841162
841164
841165
841166
841169
841170
841172
841179
841180
841182
841184
841186
841187
841190
841192
841194
841196
841201
841205
841206
841208
841209
841213
841214
841216
841217
841219
841220
841222
841225
841226
841227
841230
841232
841234
841235
841236
841239
841241
841242
841243
841245
841248
841249
841253
841255
841256
841259
841262
841263
841265
841266
841267
841268
841270
841272
841275
841277
841279
841280
841284
841285
841286
841287
841288
841289
841290
841291
841293
841296
841300
841302
841306
841307
841308
841311
841313
841320
841321
841322
841324
841328
841329
841330
841331
841335
841336
841342
841343
841347
841349
841351
841352
841354
841361
841362
841363
841369
841370
841371
841373
841374
841381
841383
841384
841387
841388
841389
841390
841394
841395
841397
841399
841404
841405
841406
841407
841408
841410
841414
841417
841418
841419
841423
841425
841431
841432
841436
841437
841438
841439
841442
841447
841448
841449
841450
841451
841453
841455
841456
841458
841461
841464
841465
841467
841468
841469
841470
841471
841472
841473
841474
841476
841477
841479
841483
841485
841486
841488
841489
841492
841493
841494
841495
841496
841501
841502
841504
841505
841506
841507
841509
841512
841513
841514
841517
841522
841524
841526
841527
841530
841532
841536
841540
841541
841544
841545
841549
841551
841552
841553
841554
841555
841558
841564
841565
841568
841573
841575
841577
841580
841582
841584
841585
841586
841588
841589
841591
841592
841594
841595
841597
841601
841604
841606
841607
841608
841614
841616
841619
841621
841624
841625
841627
841628
841629
841630
841632
841636
841638
841642
841644
841645
841646
841647
841648
841650
841651
841653
841655
841658
841659
841662
841664
841666
841668
841669
841670
841674
841675
841676
841679
841680
841682
841683
841684
841685
841686
841687
841688
841689
841690
841691
841692
841693
841694
841695
841696
841697
841698
841699
841700
841701
841702
841703
841704
841705
841706
841708
841710
841711
841715
841716
841718
841721
841726
841728
841729
841731
841732
841733
841734
841739
841741
841748
841749
841753
841758
841759
841761
841762
841763
841764
841767
841770
841771
841772
841774
841779
841781
841782
841785
841788
841790
841791
841792
841794
841797
841801
841803
841809
841810
841814
841816
841818
841826
841829
841833
841840
841844
841845
841848
841851
841854
841859
841861
841863
841864
841867
841874
841877
841878
841885
841889
841891
841892
841893
841894
841896
841897
841898
841900
841905
841906
841910
841917
841922
841935
841937
841940
841946
841947
841948
841949
841950
841951
841952
841960
841962
841967
841968
841970
841971
841972
841973
841974
841977
841979
841985
841990
841999
842002
842004
842007
842008
842009
842011
842015
842017
842019
842020
842024
842027
842029
842032
842033
842035
842036
842038
842047
842049
842053
842054
842055
842056
842058
842060
842063
842064
842066
842068
842070
842071
842076
842077
842078
842079
842080
842082
842083
842089
842094
842095
842097
842105
842107
842108
842109
842110
842112
842114
842116
842118
842119
842120
842122
842123
842125
842126
842128
842130
842134
842135
842136
842137
842138
842139
842140
842141
842143
842147
842152
842153
842157
842169
842170
842171
842172
842173
842176
842181
842184
842192
842193
842196
842198
842199
842200
842201
842202
842204
842206
842207
842208
842209
842210
842211
842214
842215
842216
842217
842218
842219
842221
842222
842224
842226
842227
842228
842229
842230
842232
842234
842237
842238
842250
842251
842252
842253
842254
842256
842258
842262
842264
842265
842266
842267
842269
842271
842274
842276
842278
842285
842286
842288
842289
842290
842293
842294
842297
842298
842302
842304
842305
842312
842316
842317
842318
842331
842334
842336
842337
842341
842344
842357
842359
842360
842361
842363
842364
842366
842367
842370
842373
842374
842375
842377
842378
842383
842385
842386
842388
842392
842393
842398
842399
842401
842402
842404
842406
842407
842411
842413
842414
842419
842420
842421
842422
842423
842427
842429
842434
842436
842439
842441
842445
842448
842450
842451
842457
842458
842460
842462
842463
842464
842465
842466
842468
842469
842470
842472
842475
842477
842480
842483
842484
842486
842489
842490
842491
842494
842495
842496
842498
842501
842502
842503
842508
842509
842511
842513
842514
842516
842518
842520
842521
842522
842526
842530
842531
842532
842533
842535
842536
842537
842538
842540
842541
842543
842547
842552
842553
842557
842558
842559
842560
842561
842562
842564
842565
842566
842568
842572
842573
842575
842584
842588
842591
842593
842594
842600
842601
842603
842604
842605
842608
842609
842612
842613
842614
842615
842616
842619
842620
842622
842624
842625
842626
842627
842628
842633
842635
842636
842639
842641
842645
842646
842648
842650
842652
842654
842656
842658
842659
842661
842662
842663
842664
842666
842669
842670
842671
842672
842675
842676
842677
842679
842681
842682
842683
842686
842689
842690
842691
842693
842695
842697
842700
842701
842704
842705
842707
842709
842711
842712
842713
842717
842718
842719
842722
842727
842728
842729
842731
842733
842739
842743
842744
842745
842747
842748
842749
842753
842755
842756
842757
842759
842760
842761
842762
842763
842767
842769
842771
842773
842774
842776
842778
842782
842784
842785
842786
842788
842792
842793
842794
842798
842802
842803
842804
842806
842807
842811
842812
842821
842824
842825
842828
842829
842830
842831
842835
842837
842841
842846
842848
842851
842855
842856
842859
842860
842863
842864
842865
842866
842868
842870
842871
842875
842876
842878
842879
842881
842882
842883
842886
842888
842890
842892
842893
842896
842897
842898
842906
842907
842909
842911
842912
842914
842920
842921
842923
842926
842927
842929
842934
842935
842939
842943
842945
842948
842950
842952
842955
842956
842957
842959
842962
842964
842965
842967
842968
842969
842972
842974
842976
842977
842978
842979
842980
842981
842982
842984
842986
842993
842994
842995
842997
842998
842999
843004
843005
843006
843007
843011
843016
843017
843022
843023
843024
843026
843028
843029
843032
843033
843034
843035
843037
843039
843040
843043
843044
843046
843048
843050
843052
843053
843057
843058
843059
843060
843062
843065
843066
843067
843068
843070
843071
843078
843080
843082
843085
843086
843088
843089
843095
843096
843098
843099
843100
843101
843103
843108
843110
843112
843113
843114
843115
843116
843117
843119
843120
843123
843125
843126
843127
843128
843130
843131
843132
843133
843135
843138
843141
843146
843149
843150
843151
843152
843157
843158
843159
843161
843163
843165
843167
843169
843171
843172
843176
843177
843178
843180
843181
843182
843183
843185
843186
843187
843192
843195
843197
843200
843201
843202
843205
843206
843207
843208
843211
843212
843215
843216
843219
843220
843221
843222
843223
843224
843226
843227
843228
843229
843233
843234
843235
843236
843238
843241
843247
843252
843256
843257
843258
843260
843262
843266
843269
843272
843273
843274
843275
843276
843277
843280
843283
843285
843287
843288
843291
843292
843293
843295
843296
843297
843302
843304
843307
843308
843310
843314
843315
843316
843317
843320
843322
843324
843327
843329
843331
843333
843334
843338
843339
843343
843344
843345
843346
843349
843353
843354
843356
843358
843363
843365
843366
843377
843378
843382
843387
843394
843395
843396
843398
843402
843403
843405
843407
843413
843414
843418
843424
843430
843433
843437
843439
843440
843443
843448
843450
843453
843454
843455
843459
843462
843466
843469
843470
843472
843481
843483
843485
843486
843487
843488
843489
843490
843494
843497
843498
843499
843505
843506
843511
843512
843514
843516
843522
843523
843524
843527
843530
843533
843534
843537
843540
843543
843545
843546
843548
843551
843552
843556
843557
843558
843559
843560
843561
843562
843565
843566
843567
843568
843570
843571
843572
843576
843579
843584
843587
843588
843591
843592
843593
843594
843600
843601
843603
843604
843607
843609
843610
843614
843615
843618
843619
843620
843621
843624
843626
843627
843630
843631
843635
843639
843640
843641
843642
843643
843644
843646
843648
843650
843651
843652
843655
843656
843658
843661
843663
843665
843670
843671
843672
843677
843679
843682
843685
843688
843696
843698
843704
843706
843707
843710
843712
843713
843718
843719
843721
843722
843723
843724
843725
843737
843738
843739
843740
843743
843750
843754
843758
843761
843762
843763
843764
843767
843770
843771
843772
843775
843776
843777
843780
843782
843784
843785
843787
843788
843790
843792
843793
843797
843798
843801
843802
843803
843804
843805
843806
843807
843808
843809
843810
843811
843812
843813
843814
843815
843816
843817
843818
843819
843820
843821
843822
843823
843824
843825
843826
843827
843828
843829
843830
843831
843832
843833
843834
843835
843836
843837
843838
843839
843840
843841
843842
843843
843844
843845
843846
843847
843848
843849
843850
843851
843852
843853
843854
843855
843856
843857
843858
843859
843860
843861
843862
843863
843864
843865
843866
843867
843868
843869
843870
843871
843872
843873
843874
843875
843876
843877
843878
843879
843880
843881
843882
843886
843888
843894
843895
843896
843899
843901
843903
843905
843907
843908
843911
843913
843914
843918
843919
843924
843925
843931
843934
843936
843941
843942
843943
843944
843945
843946
843947
843950
843951
843952
843955
843957
843959
843961
843962
843963
843964
843965
843968
843973
843984
843987
843988
843991
843992
843993
843994
843995
843996
843999
844000
844001
844007
844008
844010
844011
844012
844014
844018
844019
844020
844021
844022
844023
844028
844031
844033
844034
844035
844037
844038
844041
844043
844046
844047
844048
844049
844050
844052
844055
844057
844058
844059
844062
844063
844065
844066
844069
844072
844073
844076
844077
844078
844079
844080
844084
844085
844088
844090
844093
844100
844101
844108
844114
844115
844118
844125
844128
844129
844131
844134
844136
844142
844143
844147
844148
844149
844152
844154
844156
844158
844164
844165
844168
844169
844170
844172
844173
844174
844175
844176
844180
844182
844183
844184
844185
844186
844188
844189
844191
844194
844196
844198
844202
844204
844205
844207
844208
844210
844214
844216
844217
844218
844219
844220
844222
844223
844224
844225
844226
844228
844229
844232
844234
844239
844243
844244
844247
844248
844255
844257
844258
844260
844267
844268
844269
844271
844274
844276
844282
844283
844284
844285
844286
844289
844295
844296
844301
844302
844306
844307
844308
844310
844311
844313
844315
844320
844322
844323
844326
844327
844330
844331
844333
844337
844338
844339
844347
844350
844355
844357
844360
844361
844362
844365
844366
844367
844370
844373
844374
844376
844381
844388
844394
844399
844402
844403
844404
844405
844406
844407
844408
844414
844416
844418
844419
844420
844421
844425
844426
844433
844434
844437
844439
844442
844446
844448
844449
844451
844452
844455
844458
844459
844460
844464
844465
844467
844470
844471
844472
844473
844474
844484
844487
844490
844491
844493
844497
844505
844506
844509
844510
844511
844512
844513
844514
844515
844516
844517
844518
844519
844520
844521
844522
844523
844524
844525
844526
844527
844528
844530
844531
844532
844534
844535
844536
844540
844542
844546
844547
844548
844549
844550
844551
844552
844553
844554
844555
844556
844557
844558
844559
844560
844561
844562
844563
844564
844565
844566
844567
844568
844569
844570
844571
844572
844573
844574
844575
844576
844577
844578
844579
844580
844581
844582
844583
844584
844585
844586
844587
844588
844589
844590
844591
844592
844631
844632
844633
844635
844636
844637
844638
844639
844640
844641
844642
844643
844644
844645
844648
844650
844651
844653
844654
844658
844661
844662
844663
844665
844667
844670
844673
844676
844679
844682
844683
844684
844688
844689
844691
844692
844702
844705
844706
844707
844711
844718
844722
844723
844725
844728
844729
844730
844732
844734
844736
844737
844738
844739
844740
844742
844746
844748
844750
844752
844757
844758
844759
844760
844761
844763
844764
844769
844773
844774
844775
844776
844778
844779
844781
844782
844784
844785
844787
844792
844800
844801
844803
844813
844815
844819
844821
844822
844825
844826
844828
844829
844831
844834
844838
844839
844848
844851
844852
844853
844854
844855
844856
844858
844867
844869
844870
844873
844875
844876
844877
844878
844882
844886
844887
844890
844891
844893
844897
844900
844903
844912
844913
844914
844915
844917
844920
844921
844927
844928
844931
844932
844934
844935
844936
844940
844943
844949
844951
844956
844963
844964
844965
844969
844970
844971
844976
844980
844981
844985
844988
844991
844993
844996
844999
845001
845002
845005
845011
845013
845014
845019
845022
845025
845029
845032
845033
845036
845037
845038
845039
845040
845041
845042
845043
845044
845047
845049
845051
845052
845053
845054
845060
845061
845062
845063
845064
845065
845068
845070
845071
845074
845077
845078
845082
845084
845085
845086
845087
845095
845098
845099
845100
845102
845103
845104
845108
845109
845112
845113
845114
845115
845117
845119
845120
845123
845127
845128
845130
845134
845138
845139
845140
845141
845142
845144
845147
845149
845151
845153
845154
845156
845158
845160
845161
845165
845166
845168
845169
845170
845171
845174
845176
845177
845179
845184
845185
845190
845192
845194
845195
845196
845197
845198
845199
845200
845201
845202
845203
845207
845208
845213
845215
845219
845220
845221
845224
845225
845226
845228
845232
845234
845235
845236
845237
845239
845240
845242
845243
845244
845245
845248
845250
845251
845255
845256
845260
845264
845267
845270
845275
845276
845277
845279
845282
845283
845284
845286
845288
845289
845295
845296
845297
845298
845299
845301
845302
845307
845308
845311
845312
845313
845317
845319
845320
845321
845323
845327
845329
845331
845332
845333
845335
845336
845338
845341
845344
845345
845347
845348
845349
845350
845351
845352
845353
845354
845355
845356
845359
845368
845369
845371
845373
845380
845383
845384
845387
845388
845391
845392
845394
845396
845398
845400
845403
845404
845405
845408
845411
845414
845415
845418
845425
845427
845430
845431
845433
845436
845437
845438
845440
845441
845442
845443
845444
845446
845447
845448
845449
845451
845452
845454
845456
845458
845460
845462
845468
845469
845470
845471
845472
845473
845474
845475
845476
845477
845478
845479
845480
845481
845482
845483
845484
845485
845486
845487
845488
845489
845490
845491
845492
845493
845494
845495
845496
845500
845501
845502
845503
845505
845506
845507
845510
845511
845512
845514
845517
845519
845520
845522
845524
845525
845526
845527
845528
845529
845530
845531
845533
845535
845536
845537
845549
845551
845554
845555
845556
845557
845560
845562
845563
845565
845567
845568
845569
845571
845574
845575
845578
845579
845580
845584
845585
845588
845589
845591
845592
845595
845596
845597
845599
845600
845601
845602
845604
845606
845610
845612
845613
845614
845617
845625
845626
845629
845630
845633
845634
845635
845636
845638
845640
845641
845642
845643
845649
845651
845652
845653
845655
845656
845657
845658
845659
845660
845663
845669
845670
845672
845674
845677
845678
845679
845680
845682
845683
845685
845687
845696
845698
845700
845701
845703
845704
845712
845713
845715
845717
845719
845720
845722
845723
845726
845729
845731
845733
845734
845735
845736
845737
845739
845741
845744
845745
845748
845749
845751
845752
845753
845754
845757
845759
845760
845761
845762
845763
845765
845766
845767
845768
845769
845770
845771
845772
845773
845774
845775
845776
845777
845778
845782
845784
845786
845787
845788
845789
845791
845794
845796
845797
845798
845799
845800
845802
845803
845811
845812
845814
845815
845816
845817
845818
845819
845820
845823
845824
845825
845826
845827
845828
845830
845831
845834
845837
845838
845840
845842
845843
845846
845847
845848
845854
845855
845856
845859
845861
845862
845867
845868
845871
845872
845873
845875
845876
845878
845880
845882
845883
845884
845885
845886
845887
845888
845889
845891
845892
845893
845894
845895
845896
845897
845903
845907
845909
845910
845915
845916
845919
845920
845923
845926
845928
845929
845930
845933
845935
845936
845937
845938
845940
845941
845942
845943
845944
845945
845948
845949
845952
845954
845957
845960
845962
845967
845968
845969
845974
845975
845977
845982
845983
845985
845988
845989
845995
845997
846003
846005
846006
846008
846010
846011
846013
846017
846021
846022
846023
846024
846025
846028
846029
846035
846038
846041
846043
846044
846045
846047
846048
846050
846054
846057
846059
846067
846073
846074
846075
846076
846077
846078
846079
846080
846081
846082
846083
846084
846088
846093
846094
846095
846097
846098
846100
846103
846104
846106
846108
846110
846111
846113
846114
846118
846122
846124
846125
846132
846135
846138
846139
846141
846142
846144
846145
846146
846153
846157
846161
846162
846165
846166
846170
846173
846176
846178
846179
846190
846191
846192
846194
846195
846198
846199
846208
846215
846217
846218
846223
846225
846226
846229
846230
846231
846232
846234
846235
846236
846237
846238
846240
846247
846253
846259
846264
846270
846271
846276
846281
846286
846287
846291
846294
846295
846303
846305
846306
846309
846315
846316
846319
846325
846328
846329
846331
846332
846333
846337
846338
846340
846341
846342
846343
846344
846345
846348
846349
846351
846352
846356
846358
846359
846360
846363
846365
846366
846368
846369
846372
846373
846376
846379
846380
846381
846382
846384
846385
846386
846391
846395
846397
846398
846399
846402
846404
846407
846409
846410
846411
846414
846416
846417
846418
846419
846424
846426
846429
846432
846434
846435
846436
846437
846438
846440
846442
846444
846445
846446
846447
846451
846454
846455
846460
846462
846463
846466
846468
846469
846470
846479
846480
846482
846483
846488
846489
846491
846493
846495
846497
846500
846501
846510
846511
846516
846517
846521
846523
846525
846527
846534
846535
846538
846541
846542
846544
846545
846546
846553
846555
846556
846557
846558
846561
846563
846564
846572
846573
846574
846577
846580
846582
846584
846587
846588
846590
846593
846594
846595
846596
846601
846602
846604
846607
846610
846611
846613
846614
846615
846617
846619
846620
846621
846623
846624
846627
846628
846630
846631
846632
846633
846634
846635
846636
846639
846640
846641
846642
846644
846645
846646
846647
846649
846653
846655
846657
846659
846660
846663
846664
846665
846667
846670
846672
846674
846678
846679
846681
846682
846683
846690
846693
846694
846695
846697
846698
846699
846701
846704
846707
846708
846712
846713
846714
846715
846717
846718
846721
846728
846729
846730
846731
846732
846733
846734
846735
846736
846737
846738
846741
846742
846745
846746
846748
846750
846753
846754
846757
846758
846761
846762
846766
846770
846771
846772
846777
846778
846779
846780
846781
846785
846786
846787
846789
846790
846791
846792
846793
846794
846795
846797
846798
846799
846801
846803
846804
846805
846807
846808
846809
846810
846811
846813
846815
846816
846819
846824
846832
846834
846835
846839
846840
846843
846845
846848
846849
846851
846853
846858
846860
846861
846862
846864
846868
846872
846876
846877
846878
846881
846882
846883
846885
846888
846889
846890
846893
846894
846895
846898
846901
846904
846906
846908
846913
846914
846918
846922
846923
846925
846927
846930
846931
846932
846934
846937
846938
846944
846945
846946
846947
846948
846950
846951
846954
846955
846958
846962
846963
846965
846966
846971
846974
846975
846976
846977
846980
846981
846985
846988
846990
846994
846996
846997
846998
846999
847000
847001
847002
847003
847010
847013
847015
847016
847024
847025
847026
847027
847030
847036
847041
847045
847046
847048
847052
847053
847054
847056
847060
847061
847064
847065
847071
847076
847078
847081
847082
847083
847086
847087
847089
847091
847093
847098
847102
847106
847107
847110
847111
847113
847115
847117
847119
847122
847124
847130
847134
847135
847137
847142
847145
847146
847148
847149
847152
847153
847159
847163
847165
847168
847169
847172
847173
847174
847175
847176
847177
847178
847179
847183
847184
847186
847188
847192
847193
847199
847200
847201
847203
847204
847205
847206
847207
847208
847213
847214
847218
847220
847222
847224
847228
847231
847235
847236
847237
847239
847240
847243
847247
847248
847249
847250
847255
847256
847260
847264
847277
847279
847281
847282
847284
847286
847287
847288
847289
847297
847298
847302
847303
847304
847305
847307
847311
847312
847313
847315
847320
847321
847324
847325
847327
847333
847338
847340
847341
847346
847347
847351
847356
847359
847361
847363
847367
847368
847369
847370
847375
847376
847379
847383
847384
847389
847392
847393
847397
847399
847402
847403
847404
847407
847410
847414
847417
847418
847425
847427
847431
847434
847441
847444
847445
847446
847447
847448
847450
847452
847453
847454
847455
847456
847457
847458
847459
847460
847461
847462
847463
847464
847465
847466
847469
847470
847471
847473
847474
847475
847477
847480
847481
847482
847485
847487
847494
847496
847497
847498
847501
847504
847506
847510
847511
847512
847516
847517
847518
847520
847521
847523
847524
847525
847533
847534
847537
847541
847544
847546
847547
847548
847552
847557
847558
847559
847560
847563
847565
847567
847572
847576
847578
847581
847583
847584
847585
847587
847588
847590
847592
847593
847596
847602
847607
847608
847610
847612
847613
847614
847616
847617
847619
847620
847623
847624
847630
847631
847632
847633
847638
847639
847641
847642
847643
847644
847645
847653
847657
847659
847664
847665
847670
847671
847674
847675
847679
847682
847683
847684
847688
847691
847692
847693
847699
847704
847707
847709
847710
847715
847716
847717
847718
847724
847729
847730
847731
847732
847738
847739
847740
847742
847747
847749
847750
847761
847762
847765
847768
847772
847776
847777
847779
847781
847782
847783
847789
847792
847794
847795
847798
847799
847804
847808
847813
847819
847823
847825
847827
847832
847836
847838
847840
847849
847860
847862
847866
847875
847882
847887
847898
847905
847907
847908
847913
847916
847924
847927
847940
847942
847943
847946
847948
847950
847951
847956
847960
847962
847963
847964
847965
847967
847969
847971
847972
847974
847977
847978
847979
847980
847981
847983
847985
847986
847990
847993
848001
848002
848003
848005
848006
848008
848012
848013
848014
848015
848016
848020
848022
848025
848028
848029
848030
848031
848032
848034
848035
848036
848039
848040
848041
848042
848043
848044
848046
848049
848052
848053
848054
848056
848058
848060
848061
848063
848068
848069
848070
848071
848072
848074
848075
848076
848078
848080
848081
848084
848085
848087
848095
848096
848097
848102
848103
848106
848107
848110
848113
848114
848115
848117
848119
848120
848122
848125
848129
848132
848133
848137
848138
848139
848142
848143
848144
848147
848149
848150
848152
848154
848155
848156
848157
848158
848159
848160
848161
848163
848166
848167
848168
848169
848170
848171
848173
848174
848176
848177
848179
848180
848184
848188
848190
848191
848194
848196
848197
848200
848201
848203
848205
848206
848209
848211
848212
848215
848216
848217
848218
848221
848222
848223
848224
848225
848227
848229
848230
848232
848233
848234
848236
848237
848238
848240
848244
848245
848247
848248
848250
848251
848254
848255
848256
848260
848261
848262
848263
848265
848269
848270
848271
848273
848274
848276
848279
848280
848282
848285
848288
848289
848290
848293
848295
848299
848300
848302
848304
848306
848308
848309
848310
848311
848312
848313
848314
848318
848319
848322
848325
848327
848328
848330
848331
848334
848339
848340
848342
848343
848347
848352
848354
848355
848356
848360
848361
848365
848366
848367
848368
848369
848374
848375
848377
848378
848379
848380
848381
848384
848385
848386
848387
848388
848389
848393
848394
848395
848397
848402
848403
848404
848405
848406
848411
848412
848413
848415
848416
848421
848423
848424
848425
848426
848428
848433
848435
848438
848439
848440
848441
848442
848443
848445
848446
848447
848450
848453
848455
848456
848460
848461
848462
848464
848466
848469
848470
848477
848479
848484
848486
848487
848488
848490
848492
848494
848495
848496
848498
848499
848500
848508
848510
848514
848516
848518
848520
848522
848528
848529
848531
848532
848534
848535
848537
848538
848541
848542
848545
848550
848551
848553
848554
848559
848561
848563
848564
848565
848566
848567
848568
848569
848572
848574
848575
848576
848577
848581
848582
848584
848586
848587
848592
848593
848595
848597
848600
848602
848603
848604
848607
848611
848613
848618
848620
848622
848623
848624
848625
848626
848627
848629
848632
848635
848637
848639
848640
848641
848643
848647
848652
848656
848657
848659
848660
848662
848664
848667
848672
848674
848676
848679
848680
848681
848682
848684
848685
848686
848693
848696
848697
848699
848701
848702
848706
848708
848711
848716
848717
848718
848719
848725
848730
848731
848738
848739
848744
848748
848750
848752
848754
848756
848757
848759
848760
848761
848765
848769
848770
848771
848774
848775
848776
848779
848784
848786
848787
848788
848789
848793
848795
848799
848801
848807
848812
848813
848814
848817
848818
848819
848825
848826
848827
848828
848829
848830
848831
848832
848835
848836
848837
848839
848840
848845
848848
848849
848851
848854
848863
848866
848870
848871
848872
848873
848874
848876
848877
848878
848882
848884
848887
848888
848891
848892
848894
848897
848899
848900
848904
848907
848909
848910
848912
848913
848915
848916
848917
848919
848921
848923
848924
848928
848935
848940
848941
848942
848943
848945
848949
848950
848951
848952
848953
848955
848956
848957
848958
848962
848963
848965
848967
848969
848970
848972
848973
848975
848976
848981
848989
848990
848992
848996
848997
848998
849008
849011
849017
849018
849020
849022
849027
849032
849034
849036
849037
849038
849039
849041
849043
849045
849046
849047
849048
849052
849053
849055
849057
849058
849059
849060
849062
849063
849064
849065
849066
849068
849070
849071
849072
849075
849078
849081
849082
849084
849085
849092
849095
849097
849099
849100
849102
849103
849105
849108
849112
849113
849115
849120
849121
849122
849123
849124
849125
849128
849129
849130
849131
849137
849140
849141
849142
849143
849144
849149
849153
849156
849157
849158
849159
849161
849165
849167
849169
849171
849172
849174
849175
849176
849177
849178
849180
849187
849200
849201
849202
849204
849206
849208
849211
849212
849214
849217
849218
849219
849220
849222
849223
849224
849228
849229
849231
849234
849237
849239
849243
849248
849255
849257
849258
849262
849266
849269
849270
849280
849281
849287
849290
849292
849293
849295
849296
849299
849302
849306
849307
849308
849310
849314
849315
849316
849317
849318
849319
849322
849324
849326
849327
849331
849332
849334
849336
849338
849341
849343
849344
849347
849348
849351
849352
849353
849355
849357
849358
849359
849360
849361
849364
849366
849369
849370
849372
849373
849377
849378
849379
849382
849387
849389
849390
849391
849393
849397
849398
849400
849402
849405
849413
849414
849415
849417
849418
849420
849422
849432
849435
849436
849438
849440
849444
849448
849450
849451
849452
849453
849454
849455
849456
849460
849462
849463
849465
849466
849468
849470
849471
849472
849475
849481
849482
849484
849485
849486
849488
849490
849494
849496
849499
849501
849503
849504
849510
849513
849517
849524
849526
849527
849529
849530
849536
849538
849540
849544
849547
849552
849554
849564
849568
849569
849571
849573
849575
849577
849579
849580
849587
849595
849596
849597
849600
849602
849604
849606
849609
849613
849614
849618
849619
849622
849623
849626
849627
849632
849638
849639
849640
849641
849642
849648
849649
849654
849659
849660
849661
849666
849668
849670
849673
849674
849677
849679
849684
849685
849686
849687
849689
849694
849697
849701
849702
849703
849705
849706
849707
849708
849714
849715
849716
849722
849723
849724
849727
849728
849729
849731
849739
849740
849744
849746
849750
849751
849756
849757
849759
849763
849765
849766
849769
849770
849777
849780
849781
849785
849786
849787
849788
849792
849793
849794
849796
849797
849801
849802
849804
849807
849808
849813
849815
849817
849819
849822
849825
849828
849835
849836
849840
849843
849845
849847
849849
849850
849852
849853
849855
849858
849860
849863
849872
849874
849875
849877
849878
849879
849884
849888
849889
849893
849895
849896
849897
849899
849901
849902
849906
849907
849908
849909
849911
849912
849913
849914
849918
849919
849922
849923
849930
849932
849933
849934
849935
849937
849938
849940
849941
849942
849944
849947
849948
849950
849952
849953
849954
849959
849962
849963
849968
849969
849973
849980
849981
849983
849985
849987
849992
849995
850000
850001
850002
850005
850007
850008
850015
850018
850021
850024
850028
850030
850033
850034
850036
850038
850042
850044
850046
850047
850048
850049
850050
850057
850060
850064
850067
850068
850069
850071
850074
850075
850081
850082
850084
850086
850089
850091
850092
850093
850096
850097
850099
850102
850105
850106
850107
850110
850112
850114
850115
850116
850117
850118
850120
850122
850126
850130
850131
850132
850133
850137
850138
850140
850142
850143
850144
850146
850151
850152
850154
850155
850158
850159
850161
850162
850165
850166
850167
850168
850173
850174
850175
850176
850177
850180
850181
850182
850183
850188
850192
850193
850195
850197
850199
850201
850202
850203
850206
850209
850212
850214
850217
850218
850224
850225
850226
850229
850231
850232
850234
850235
850236
850237
850238
850239
850240
850242
850245
850246
850247
850248
850249
850250
850251
850252
850255
850257
850258
850260
850265
850266
850268
850271
850272
850277
850278
850285
850292
850293
850294
850296
850297
850301
850303
850304
850307
850308
850313
850316
850319
850322
850324
850325
850326
850327
850330
850331
850332
850334
850335
850339
850340
850341
850344
850346
850347
850348
850350
850351
850352
850354
850357
850361
850363
850364
850365
850368
850369
850371
850372
850379
850381
850386
850389
850390
850393
850396
850397
850400
850404
850405
850407
850411
850416
850417
850426
850430
850436
850439
850440
850443
850446
850452
850455
850457
850458
850459
850463
850464
850467
850469
850471
850474
850475
850477
850482
850487
850488
850490
850492
850494
850495
850498
850500
850506
850507
850509
850510
850516
850517
850519
850520
850521
850522
850523
850526
850527
850528
850530
850532
850533
850535
850536
850538
850540
850542
850543
850544
850549
850551
850552
850553
850555
850556
850559
850561
850562
850565
850567
850568
850569
850571
850574
850578
850579
850582
850586
850592
850593
850596
850600
850603
850604
850606
850607
850610
850617
850622
850623
850625
850627
850630
850634
850635
850639
850644
850646
850648
850649
850650
850652
850653
850658
850661
850664
850671
850672
850676
850677
850679
850680
850681
850685
850687
850688
850689
850690
850693
850694
850695
850696
850698
850699
850702
850703
850704
850705
850706
850709
850710
850712
850713
850715
850716
850722
850726
850729
850730
850733
850735
850737
850742
850743
850744
850746
850748
850750
850751
850753
850754
850756
850757
850758
850759
850760
850762
850763
850766
850769
850773
850774
850776
850777
850780
850783
850784
850785
850791
850792
850793
850794
850801
850802
850803
850805
850807
850809
850810
850812
850813
850815
850817
850819
850821
850826
850827
850828
850829
850832
850834
850836
850837
850839
850840
850841
850842
850843
850846
850847
850848
850850
850856
850858
850861
850863
850864
850865
850868
850869
850871
850872
850873
850874
850879
850880
850881
850882
850883
850885
850889
850890
850891
850892
850894
850895
850896
850897
850899
850903
850904
850905
850907
850909
850912
850913
850914
850915
850917
850918
850919
850922
850924
850925
850927
850928
850929
850931
850932
850934
850935
850937
850938
850940
850941
850942
850943
850946
850950
850953
850954
850959
850960
850963
850966
850967
850969
850970
850974
850976
850977
850979
850981
850983
850984
850985
850987
850988
850990
850992
850994
850995
850998
851000
851001
851002
851003
851004
851009
851015
851016
851018
851020
851021
851025
851026
851031
851033
851034
851036
851037
851038
851039
851041
851047
851048
851050
851051
851055
851056
851057
851059
851061
851065
851066
851068
851069
851070
851071
851076
851077
851080
851082
851087
851089
851090
851091
851093
851094
851095
851097
851100
851101
851102
851110
851115
851116
851117
851120
851122
851123
851124
851125
851126
851129
851131
851134
851135
851136
851137
851138
851141
851142
851144
851147
851153
851155
851156
851157
851159
851160
851161
851167
851169
851170
851171
851172
851174
851175
851176
851180
851183
851185
851186
851189
851191
851193
851195
851205
851206
851207
851211
851213
851215
851219
851222
851224
851226
851227
851228
851229
851233
851237
851238
851242
851243
851244
851246
851248
851249
851250
851251
851258
851259
851262
851263
851264
851266
851267
851268
851270
851271
851273
851274
851275
851276
851277
851278
851281
851282
851286
851287
851288
851291
851295
851296
851299
851302
851303
851304
851306
851307
851310
851311
851312
851313
851314
851316
851322
851326
851327
851330
851332
851334
851339
851341
851342
851344
851347
851350
851352
851354
851361
851363
851364
851365
851366
851368
851370
851373
851374
851376
851378
851380
851383
851384
851385
851386
851387
851388
851389
851391
851393
851395
851397
851398
851402
851403
851404
851407
851408
851410
851412
851413
851414
851415
851416
851417
851418
851419
851420
851421
851422
851423
851425
851428
851431
851433
851435
851436
851437
851439
851441
851442
851443
851444
851445
851446
851447
851451
851452
851453
851454
851457
851463
851466
851469
851471
851473
851474
851479
851483
851486
851493
851497
851500
851501
851502
851503
851504
851505
851507
851511
851512
851513
851517
851520
851521
851522
851523
851530
851531
851533
851534
851535
851536
851537
851538
851541
851544
851546
851549
851551
851552
851553
851556
851558
851560
851562
851563
851565
851566
851567
851568
851569
851571
851572
851573
851574
851576
851577
851579
851581
851582
851584
851585
851588
851593
851595
851597
851598
851600
851603
851606
851607
851608
851610
851612
851614
851615
851617
851619
851620
851625
851627
851628
851630
851634
851638
851640
851641
851643
851645
851647
851648
851651
851652
851655
851657
851659
851661
851662
851664
851665
851666
851667
851668
851670
851672
851674
851675
851676
851677
851678
851680
851681
851682
851683
851685
851687
851689
851690
851695
851696
851697
851698
851699
851700
851702
851704
851706
851707
851710
851711
851712
851714
851715
851716
851717
851718
851719
851720
851722
851725
851727
851728
851729
851730
851734
851735
851736
851737
851741
851742
851743
851746
851747
851748
851749
851750
851753
851756
851757
851759
851762
851763
851764
851766
851767
851768
851769
851770
851771
851774
851777
851779
851781
851783
851784
851785
851786
851793
851794
851795
851797
851798
851799
851800
851801
851802
851803
851804
851808
851810
851812
851813
851814
851815
851816
851822
851824
851825
851826
851829
851830
851833
851836
851837
851838
851840
851841
851843
851845
851846
851848
851850
851854
851855
851858
851861
851863
851865
851867
851869
851870
851875
851879
851880
851882
851883
851885
851886
851887
851889
851891
851892
851893
851896
851899
851900
851903
851905
851907
851909
851915
851916
851918
851919
851922
851923
851925
851926
851929
851931
851937
851938
851940
851943
851944
851946
851948
851950
851951
851954
851955
851956
851958
851960
851962
851964
851966
851974
851975
851977
851978
851980
851982
851983
851985
851986
851987
851989
851991
851993
851995
851997
851999
852000
852001
852002
852006
852007
852008
852010
852011
852013
852015
852020
852021
852022
852024
852025
852026
852027
852029
852031
852032
852034
852035
852036
852037
852040
852041
852043
852044
852046
852048
852049
852051
852054
852055
852058
852059
852062
852063
852064
852066
852069
852072
852074
852079
852081
852094
852097
852100
852102
852107
852112
852113
852115
852117
852121
852123
852124
852125
852128
852129
852130
852131
852132
852134
852136
852138
852139
852144
852148
852149
852155
852156
852157
852158
852160
852161
852162
852167
852169
852174
852175
852176
852177
852180
852181
852183
852184
852185
852188
852192
852195
852198
852199
852201
852202
852206
852207
852215
852219
852221
852222
852223
852224
852225
852227
852229
852230
852231
852234
852235
852238
852241
852242
852243
852245
852246
852247
852248
852249
852250
852251
852252
852253
852254
852255
852256
852257
852258
852259
852260
852261
852262
852263
852264
852265
852266
852267
852268
852269
852270
852271
852272
852273
852274
852275
852276
852277
852278
852279
852280
852281
852282
852283
852284
852285
852286
852287
852288
852289
852290
852291
852292
852293
852295
852299
852300
852302
852309
852310
852311
852313
852314
852315
852319
852322
852327
852328
852331
852333
852336
852337
852338
852340
852341
852343
852344
852346
852348
852355
852363
852365
852366
852373
852375
852378
852379
852380
852382
852383
852384
852386
852388
852389
852390
852391
852396
852398
852401
852403
852406
852408
852410
852411
852414
852415
852416
852417
852419
852420
852422
852425
852426
852428
852429
852430
852431
852432
852434
852437
852439
852440
852443
852445
852446
852448
852451
852452
852454
852455
852456
852457
852459
852461
852463
852464
852465
852466
852467
852468
852475
852476
852477
852478
852479
852480
852482
852485
852486
852488
852490
852493
852497
852498
852505
852509
852513
852517
852518
852522
852523
852524
852528
852530
852531
852532
852534
852535
852539
852542
852544
852546
852548
852550
852551
852553
852554
852557
852559
852562
852563
852567
852569
852570
852575
852577
852578
852580
852588
852592
852593
852594
852595
852596
852598
852600
852602
852603
852608
852610
852613
852620
852621
852622
852624
852625
852627
852628
852629
852630
852631
852633
852634
852635
852638
852639
852642
852644
852645
852649
852650
852651
852653
852654
852655
852656
852658
852665
852666
852676
852680
852681
852682
852684
852686
852687
852693
852694
852695
852696
852698
852701
852702
852703
852704
852705
852706
852709
852711
852713
852715
852717
852719
852725
852728
852729
852730
852733
852734
852735
852736
852737
852741
852743
852744
852745
852748
852752
852753
852754
852755
852756
852757
852758
852759
852762
852763
852764
852765
852769
852771
852772
852774
852775
852776
852777
852778
852779
852780
852782
852784
852794
852795
852796
852800
852801
852804
852806
852809
852812
852813
852814
852815
852816
852817
852819
852825
852826
852828
852829
852832
852833
852835
852848
852853
852858
852860
852862
852865
852867
852874
852877
852882
852884
852887
852888
852890
852891
852894
852895
852896
852898
852899
852901
852905
852906
852908
852911
852912
852913
852915
852916
852920
852921
852925
852926
852927
852932
852933
852934
852935
852936
852937
852939
852941
852943
852946
852949
852950
852951
852952
852956
852957
852958
852959
852963
852964
852965
852968
852972
852974
852975
852977
852978
852982
852985
852987
852991
852995
852996
852997
852999
853000
853002
853003
853004
853008
853009
853012
853017
853019
853024
853027
853029
853031
853034
853037
853038
853039
853040
853041
853042
853046
853049
853050
853054
853058
853062
853063
853064
853065
853076
853082
853084
853088
853090
853096
853097
853099
853102
853104
853106
853107
853109
853111
853113
853114
853115
853121
853122
853123
853125
853126
853130
853132
853133
853137
853140
853141
853144
853145
853148
853150
853153
853154
853155
853156
853158
853159
853162
853163
853171
853172
853174
853176
853177
853178
853181
853182
853183
853184
853185
853186
853190
853193
853196
853197
853198
853201
853202
853206
853209
853210
853212
853214
853215
853216
853217
853219
853220
853223
853226
853228
853229
853233
853234
853238
853239
853240
853241
853245
853248
853249
853250
853252
853253
853255
853257
853259
853261
853263
853265
853269
853271
853272
853274
853276
853277
853278
853279
853282
853286
853291
853292
853293
853295
853296
853301
853302
853304
853305
853310
853311
853315
853316
853317
853318
853319
853320
853321
853323
853325
853327
853328
853330
853331
853333
853334
853336
853337
853338
853339
853341
853342
853345
853346
853347
853348
853349
853352
853353
853355
853360
853361
853365
853366
853367
853368
853369
853370
853371
853372
853373
853374
853375
853376
853377
853378
853379
853380
853381
853384
853385
853386
853388
853389
853390
853391
853392
853395
853398
853399
853401
853402
853403
853404
853406
853408
853410
853411
853412
853413
853418
853419
853420
853423
853424
853426
853427
853430
853432
853434
853440
853442
853444
853445
853446
853447
853448
853452
853453
853454
853455
853456
853457
853458
853460
853461
853462
853467
853468
853469
853470
853471
853472
853474
853477
853478
853479
853480
853481
853482
853487
853490
853492
853493
853496
853498
853501
853502
853504
853505
853511
853512
853514
853516
853517
853518
853519
853521
853522
853524
853525
853526
853527
853528
853531
853533
853538
853540
853541
853543
853545
853546
853547
853548
853549
853550
853551
853552
853553
853556
853557
853559
853563
853564
853570
853573
853576
853580
853581
853582
853583
853584
853585
853588
853589
853590
853594
853595
853602
853603
853604
853613
853614
853616
853619
853622
853623
853624
853626
853627
853630
853633
853634
853639
853642
853643
853651
853652
853655
853656
853657
853659
853661
853664
853665
853667
853671
853672
853674
853678
853679
853681
853685
853686
853687
853689
853690
853696
853699
853703
853704
853711
853717
853723
853727
853728
853732
853734
853735
853736
853737
853741
853742
853745
853746
853747
853751
853752
853753
853756
853757
853760
853764
853767
853769
853781
853783
853786
853787
853788
853789
853791
853792
853793
853794
853798
853801
853805
853809
853811
853812
853814
853817
853818
853828
853829
853833
853834
853836
853841
853843
853844
853847
853848
853850
853851
853852
853853
853854
853855
853856
853862
853867
853868
853869
853870
853875
853880
853881
853885
853887
853891
853893
853894
853897
853898
853901
853903
853904
853905
853906
853909
853912
853914
853916
853918
853919
853921
853922
853923
853924
853926
853927
853931
853933
853935
853936
853937
853939
853941
853945
853946
853950
853955
853960
853961
853963
853964
853966
853967
853975
853980
853981
853982
853983
853984
853991
853992
853996
853997
853999
854000
854001
854004
854006
854008
854010
854011
854012
854014
854018
854019
854022
854024
854025
854026
854028
854031
854032
854034
854036
854037
854038
854040
854044
854045
854046
854049
854050
854052
854057
854058
854059
854064
854070
854071
854074
854075
854076
854077
854079
854080
854083
854084
854087
854088
854090
854093
854094
854096
854097
854101
854103
854104
854105
854106
854108
854111
854112
854113
854114
854117
854118
854119
854120
854121
854122
854126
854129
854130
854132
854134
854135
854136
854137
854138
854139
854140
854142
854145
854147
854149
854150
854151
854152
854154
854155
854157
854158
854160
854161
854163
854166
854167
854169
854170
854173
854174
854175
854177
854178
854182
854184
854185
854188
854189
854190
854191
854192
854193
854194
854195
854197
854200
854202
854205
854206
854211
854213
854221
854225
854226
854229
854230
854231
854233
854235
854238
854239
854243
854247
854250
854251
854252
854253
854254
854255
854256
854257
854258
854260
854262
854263
854264
854266
854268
854270
854272
854273
854274
854280
854281
854282
854283
854284
854285
854286
854287
854288
854289
854290
854291
854294
854296
854299
854301
854317
854318
854320
854321
854322
854323
854324
854325
854326
854327
854328
854330
854331
854332
854333
854335
854338
854342
854343
854344
854345
854346
854347
854348
854349
854350
854356
854357
854360
854362
854363
854364
854365
854366
854367
854371
854372
854373
854374
854375
854376
854377
854378
854379
854380
854381
854382
854383
854384
854385
854387
854388
854390
854391
854392
854393
854394
854395
854398
854400
854402
854407
854408
854409
854410
854413
854414
854415
854417
854419
854424
854425
854426
854427
854428
854430
854431
854432
854434
854435
854436
854437
854438
854440
854441
854442
854443
854445
854447
854449
854450
854452
854454
854455
854457
854458
854460
854463
854465
854466
854468
854469
854471
854474
854475
854477
854478
854479
854482
854484
854488
854490
854494
854496
854497
854498
854499
854500
854501
854506
854507
854510
854511
854516
854517
854519
854522
854524
854528
854531
854533
854537
854538
854541
854542
854544
854546
854550
854552
854553
854554
854555
854558
854560
854561
854569
854573
854574
854576
854577
854580
854581
854582
854586
854593
854595
854596
854597
854598
854600
854601
854603
854606
854607
854608
854610
854611
854612
854614
854615
854616
854617
854618
854619
854620
854621
854623
854624
854626
854631
854632
854634
854635
854637
854638
854639
854642
854643
854644
854646
854647
854648
854651
854653
854660
854664
854666
854667
854668
854671
854674
854675
854677
854678
854681
854682
854684
854685
854690
854691
854695
854697
854698
854700
854702
854704
854707
854709
854710
854711
854715
854717
854718
854721
854730
854735
854737
854739
854742
854743
854745
854746
854747
854749
854751
854752
854755
854763
854764
854765
854766
854767
854768
854769
854770
854771
854772
854773
854774
854775
854776
854777
854779
854780
854781
854782
854783
854784
854785
854786
854787
854788
854789
854790
854791
854792
854793
854794
854795
854796
854797
854798
854799
854800
854801
854802
854803
854805
854808
854811
854814
854816
854818
854820
854823
854826
854830
854832
854837
854838
854840
854842
854845
854848
854850
854851
854863
854864
854865
854868
854869
854870
854871
854872
854877
854885
854887
854889
854890
854891
854893
854894
854895
854896
854899
854903
854905
854908
854909
854911
854914
854915
854916
854917
854918
854919
854920
854921
854922
854924
854925
854926
854928
854932
854933
854934
854940
854941
854942
854944
854947
854948
854950
854951
854955
854956
854958
854961
854964
854965
854967
854968
854974
854978
854980
854981
854982
854983
854986
854987
854989
854990
854993
854995
854996
854999
855000
855001
855002
855003
855004
855005
855006
855007
855008
855009
855010
855012
855015
855017
855018
855022
855023
855026
855028
855029
855031
855033
855035
855042
855043
855044
855045
855046
855047
855048
855054
855055
855059
855063
855065
855067
855068
855070
855074
855078
855079
855080
855081
855085
855089
855093
855094
855096
855098
855099
855100
855102
855104
855105
855106
855107
855108
855112
855118
855120
855121
855122
855124
855125
855127
855128
855136
855138
855142
855145
855147
855148
855151
855152
855154
855155
855157
855158
855165
855167
855169
855170
855171
855175
855176
855178
855184
855190
855192
855199
855201
855202
855204
855207
855210
855211
855214
855215
855216
855220
855221
855222
855226
855228
855230
855231
855232
855235
855238
855240
855241
855242
855244
855245
855251
855252
855253
855257
855259
855260
855265
855269
855270
855272
855273
855275
855276
855279
855280
855282
855284
855285
855288
855289
855291
855295
855297
855300
855301
855302
855307
855309
855310
855313
855314
855315
855316
855317
855318
855320
855321
855322
855328
855335
855336
855340
855341
855342
855344
855345
855346
855347
855349
855350
855351
855352
855353
855355
855356
855357
855358
855359
855361
855363
855364
855366
855367
855375
855376
855379
855380
855381
855382
855384
855385
855388
855391
855393
855395
855396
855398
855400
855401
855402
855405
855407
855408
855409
855410
855414
855416
855417
855419
855421
855426
855427
855428
855429
855430
855434
855435
855436
855437
855439
855443
855444
855446
855449
855450
855451
855453
855455
855457
855458
855460
855462
855465
855467
855470
855471
855472
855475
855478
855480
855481
855482
855487
855488
855489
855490
855493
855495
855499
855501
855504
855505
855506
855507
855510
855514
855515
855517
855518
855521
855522
855523
855526
855528
855529
855530
855532
855534
855535
855536
855538
855543
855545
855546
855550
855552
855554
855556
855557
855558
855559
855560
855561
855562
855563
855564
855565
855566
855567
855568
855569
855570
855571
855572
855573
855574
855575
855576
855577
855579
855581
855583
855585
855586
855587
855589
855594
855596
855599
855601
855604
855605
855606
855608
855610
855612
855613
855619
855620
855623
855625
855627
855629
855630
855633
855635
855637
855638
855640
855641
855644
855645
855646
855647
855648
855649
855650
855653
855655
855657
855659
855660
855661
855662
855666
855667
855668
855670
855671
855673
855675
855676
855677
855678
855682
855683
855687
855688
855689
855690
855692
855693
855694
855695
855696
855698
855702
855703
855706
855709
855710
855712
855713
855715
855716
855717
855719
855721
855723
855724
855725
855726
855727
855728
855729
855733
855736
855737
855738
855739
855740
855742
855743
855745
855747
855749
855750
855751
855753
855754
855757
855758
855759
855761
855762
855764
855769
855772
855773
855776
855777
855778
855779
855780
855781
855786
855791
855792
855793
855794
855797
855798
855799
855802
855803
855805
855809
855811
855812
855813
855815
855817
855819
855823
855829
855831
855833
855834
855836
855837
855838
855841
855843
855845
855848
855849
855853
855854
855856
855857
855859
855861
855863
855867
855869
855871
855872
855875
855876
855880
855881
855882
855884
855885
855886
855887
855888
855889
855891
855892
855893
855894
855895
855896
855897
855898
855900
855901
855902
855903
855905
855906
855907
855909
855910
855911
855913
855916
855917
855921
855923
855925
855926
855927
855930
855932
855934
855936
855937
855938
855940
855941
855942
855943
855944
855947
855950
855951
855952
855953
855954
855956
855957
855959
855962
855964
855967
855969
855970
855971
855972
855973
855974
855977
855979
855982
855984
855986
855987
855988
855992
855993
855994
855997
855998
856001
856002
856003
856005
856007
856008
856009
856010
856011
856021
856023
856025
856026
856027
856028
856030
856032
856033
856035
856036
856037
856038
856039
856041
856042
856043
856044
856045
856046
856047
856048
856050
856051
856052
856054
856056
856058
856059
856061
856063
856065
856066
856067
856068
856069
856071
856072
856073
856074
856077
856078
856081
856082
856087
856088
856090
856093
856094
856095
856096
856097
856098
856102
856104
856105
856106
856109
856110
856111
856112
856114
856115
856117
856123
856127
856130
856131
856132
856134
856136
856137
856138
856139
856141
856142
856143
856144
856145
856146
856147
856149
856152
856156
856157
856160
856161
856162
856164
856165
856167
856168
856172
856176
856177
856178
856184
856185
856186
856187
856188
856191
856192
856195
856198
856200
856201
856203
856206
856211
856212
856218
856219
856220
856221
856223
856226
856234
856235
856238
856239
856240
856241
856242
856244
856245
856246
856247
856249
856250
856252
856253
856255
856258
856262
856263
856264
856266
856267
856268
856270
856273
856274
856277
856278
856279
856280
856282
856283
856286
856289
856292
856295
856296
856297
856298
856301
856302
856307
856310
856311
856314
856321
856322
856325
856328
856331
856332
856335
856337
856338
856340
856342
856344
856346
856347
856348
856350
856351
856352
856356
856357
856360
856361
856362
856363
856365
856367
856368
856369
856370
856371
856372
856373
856375
856377
856378
856380
856383
856384
856385
856387
856389
856390
856393
856395
856396
856397
856401
856404
856406
856407
856409
856410
856411
856414
856415
856419
856421
856422
856423
856426
856428
856430
856434
856435
856436
856442
856443
856445
856446
856447
856448
856451
856455
856456
856458
856461
856466
856468
856469
856470
856475
856480
856482
856484
856491
856500
856501
856503
856505
856506
856507
856508
856509
856511
856513
856514
856515
856516
856517
856519
856520
856521
856522
856525
856527
856529
856530
856532
856534
856536
856538
856540
856543
856544
856548
856550
856557
856558
856559
856560
856561
856562
856563
856564
856565
856567
856568
856569
856570
856571
856575
856576
856580
856583
856584
856585
856586
856587
856591
856596
856597
856601
856607
856608
856611
856612
856613
856614
856615
856618
856619
856620
856621
856624
856628
856629
856633
856634
856635
856637
856638
856641
856645
856649
856655
856656
856660
856661
856664
856665
856669
856673
856679
856681
856682
856683
856684
856685
856688
856690
856692
856696
856697
856698
856701
856703
856706
856709
856710
856715
856718
856719
856720
856722
856723
856724
856727
856728
856729
856734
856735
856737
856738
856739
856740
856741
856742
856744
856745
856746
856748
856752
856753
856762
856766
856769
856770
856775
856776
856777
856779
856780
856781
856782
856784
856788
856789
856791
856793
856796
856802
856803
856805
856807
856813
856814
856819
856824
856825
856829
856832
856833
856837
856838
856839
856840
856844
856846
856847
856849
856850
856852
856853
856854
856855
856856
856857
856859
856860
856863
856866
856867
856870
856877
856878
856884
856885
856887
856890
856905
856914
856916
856918
856919
856925
856931
856932
856933
856934
856936
856938
856941
856944
856945
856946
856948
856949
856952
856954
856956
856958
856959
856960
856962
856963
856964
856965
856966
856968
856972
856973
856974
856975
856978
856979
856984
856985
856986
856987
856988
856989
856991
856992
856997
856998
856999
857000
857001
857002
857003
857004
857005
857006
857007
857012
857015
857016
857020
857022
857027
857029
857030
857031
857032
857035
857036
857038
857039
857040
857042
857048
857052
857054
857058
857060
857061
857062
857063
857067
857068
857071
857074
857079
857080
857081
857082
857083
857086
857087
857090
857093
857095
857101
857105
857107
857109
857113
857118
857127
857128
857130
857131
857133
857135
857136
857138
857140
857141
857143
857145
857146
857155
857157
857158
857162
857163
857168
857169
857170
857171
857172
857173
857174
857176
857180
857183
857184
857188
857191
857193
857199
857201
857204
857208
857213
857214
857217
857219
857223
857224
857225
857228
857231
857233
857235
857239
857241
857242
857246
857247
857250
857254
857256
857257
857260
857262
857265
857268
857273
857277
857282
857284
857285
857286
857289
857290
857292
857296
857300
857303
857305
857306
857307
857308
857310
857312
857314
857317
857319
857323
857325
857326
857327
857331
857332
857334
857335
857336
857339
857342
857347
857349
857361
857362
857367
857374
857376
857377
857378
857387
857389
857391
857392
857397
857401
857404
857406
857408
857409
857410
857411
857412
857413
857414
857415
857416
857417
857418
857419
857420
857421
857422
857423
857424
857425
857426
857427
857428
857429
857430
857431
857432
857433
857434
857435
857436
857437
857438
857439
857440
857441
857442
857443
857447
857449
857450
857451
857452
857453
857455
857457
857461
857464
857466
857468
857470
857473
857474
857477
857478
857479
857480
857481
857486
857488
857493
857498
857502
857505
857510
857523
857527
857529
857537
857538
857539
857540
857544
857545
857547
857551
857553
857556
857557
857560
857562
857563
857566
857567
857568
857569
857570
857572
857574
857575
857576
857578
857580
857581
857582
857583
857584
857585
857586
857589
857591
857592
857593
857598
857608
857611
857617
857618
857619
857622
857623
857626
857631
857632
857633
857634
857635
857636
857637
857638
857639
857640
857641
857642
857643
857644
857645
857646
857647
857648
857649
857650
857651
857652
857653
857654
857655
857656
857657
857658
857659
857660
857661
857662
857663
857664
857665
857666
857667
857668
857669
857670
857671
857672
857673
857674
857675
857676
857677
857678
857683
857684
857685
857687
857691
857692
857696
857702
857707
857708
857711
857714
857719
857721
857724
857726
857727
857730
857733
857734
857735
857741
857743
857746
857749
857750
857754
857757
857758
857759
857761
857762
857763
857766
857768
857771
857777
857780
857781
857786
857792
857796
857797
857798
857799
857802
857803
857814
857819
857822
857823
857824
857829
857832
857833
857834
857835
857836
857837
857838
857839
857840
857841
857845
857847
857848
857850
857855
857865
857869
857870
857873
857876
857881
857891
857892
857895
857899
857900
857901
857904
857908
857909
857910
857911
857913
857914
857918
857920
857925
857930
857936
857939
857940
857941
857947
857951
857953
857954
857955
857960
857963
857964
857966
857973
857977
857978
857979
857983
857984
857989
857993
857996
857998
857999
858001
858004
858010
858012
858015
858016
858017
858018
858021
858026
858027
858028
858030
858033
858043
858044
858051
858054
858055
858057
858058
858063
858064
858065
858067
858069
858071
858073
858074
858075
858080
858081
858082
858084
858087
858088
858091
858092
858094
858097
858100
858104
858105
858107
858109
858112
858114
858121
858132
858133
858134
858135
858138
858139
858141
858143
858144
858147
858148
858152
858153
858154
858155
858157
858159
858161
858165
858166
858172
858177
858179
858189
858190
858192
858196
858198
858202
858205
858209
858210
858211
858213
858216
858220
858223
858224
858230
858236
858240
858244
858246
858247
858249
858250
858251
858252
858253
858255
858260
858262
858263
858264
858271
858274
858275
858280
858283
858284
858288
858292
858293
858295
858296
858302
858304
858308
858314
858316
858317
858318
858319
858322
858324
858335
858337
858339
858341
858346
858347
858348
858351
858352
858354
858358
858363
858372
858373
858374
858379
858380
858381
858384
858386
858388
858390
858391
858392
858396
858398
858400
858401
858404
858405
858408
858409
858410
858412
858413
858414
858415
858417
858418
858419
858425
858426
858428
858432
858439
858442
858443
858445
858448
858449
858450
858451
858452
858453
858457
858458
858459
858460
858462
858463
858467
858469
858470
858473
858474
858475
858479
858481
858483
858486
858489
858494
858496
858499
858501
858502
858503
858506
858507
858513
858520
858525
858526
858529
858530
858531
858533
858534
858536
858541
858545
858547
858548
858550
858553
858554
858557
858558
858559
858560
858561
858562
858563
858564
858565
858566
858567
858568
858569
858570
858571
858572
858573
858574
858575
858576
858577
858578
858579
858580
858581
858582
858583
858584
858585
858586
858587
858588
858589
858590
858591
858592
858593
858595
858596
858597
858598
858605
858607
858609
858610
858611
858614
858618
858623
858626
858628
858630
858631
858632
858633
858635
858636
858642
858643
858646
858647
858648
858651
858652
858653
858656
858662
858669
858670
858671
858673
858677
858680
858681
858684
858688
858690
858691
858692
858693
858694
858696
858701
858702
858704
858705
858706
858708
858711
858715
858716
858717
858718
858720
858721
858732
858739
858742
858744
858746
858747
858748
858750
858756
858760
858761
858763
858767
858769
858771
858774
858780
858788
858790
858791
858795
858798
858799
858800
858803
858805
858806
858807
858808
858809
858810
858811
858812
858813
858816
858818
858822
858823
858829
858835
858836
858839
858840
858843
858850
858853
858857
858862
858869
858871
858883
858884
858889
858891
858893
858895
858896
858905
858913
858916
858922
858923
858930
858936
858937
858938
858939
858941
858943
858949
858950
858956
858957
858960
858961
858965
858970
858974
858978
858982
858986
858988
858992
858993
858996
859000
859004
859011
859012
859014
859020
859023
859027
859033
859035
859040
859044
859050
859051
859054
859055
859056
859061
859063
859065
859067
859070
859073
859075
859076
859080
859083
859084
859086
859092
859095
859096
859097
859098
859102
859105
859106
859110
859112
859113
859115
859116
859117
859129
859132
859134
859146
859155
859168
859173
859175
859180
859183
859186
859187
859188
859191
859194
859195
859200
859204
859206
859213
859215
859222
859227
859228
859230
859232
859234
859235
859238
859239
859240
859241
859244
859245
859246
859251
859252
859258
859259
859262
859265
859269
859270
859271
859276
859277
859278
859279
859280
859281
859282
859286
859288
859289
859296
859297
859298
859304
859314
859315
859319
859320
859321
859325
859330
859333
859334
859335
859336
859340
859341
859342
859343
859344
859345
859346
859347
859348
859349
859350
859351
859352
859353
859354
859355
859356
859357
859358
859359
859360
859361
859363
859368
859371
859373
859374
859376
859378
859379
859381
859382
859383
859387
859388
859393
859397
859399
859401
859403
859409
859412
859413
859415
859416
859417
859418
859420
859423
859426
859430
859433
859434
859435
859437
859438
859440
859441
859443
859445
859448
859449
859452
859456
859458
859460
859462
859463
859464
859468
859470
859471
859473
859478
859481
859489
859490
859491
859492
859493
859499
859504
859506
859508
859509
859510
859512
859513
859516
859517
859520
859521
859522
859523
859528
859529
859530
859532
859534
859535
859540
859547
859552
859553
859554
859569
859580
859581
859582
859583
859584
859585
859586
859590
859591
859602
859604
859608
859609
859622
859624
859627
859634
859636
859639
859640
859642
859643
859649
859651
859652
859655
859665
859667
859669
859672
859673
859674
859675
859676
859681
859687
859690
859693
859695
859704
859707
859709
859710
859711
859713
859714
859715
859716
859717
859718
859721
859722
859723
859724
859725
859727
859731
859733
859735
859738
859739
859741
859742
859746
859748
859750
859752
859769
859777
859779
859782
859785
859788
859793
859795
859803
859806
859808
859814
859815
859818
859825
859830
859832
859833
859835
859837
859838
859839
859840
859842
859845
859848